id,tip,sira,poz,kalem,birim,miktar,carpan,ref_n,ref_min,ref_med,ref_max,ref_BF,ana_ref_tutar
ELE0001,ANA,180,2006.A,Göbekli Tepe İstasyonu Ag Ana Dağıtım Panoları (400 V),set,1,1,,,,,,
ELE0002,ALT,180,2006.A,"ADP panosu: metal mahfazalı, TS EN 61439, IP54, 20x5 Cu bara",adet,1,,,,,,,
ELE0003,ALT,180,2006.A,Ana giriş TMŞ 3x50 A 10 kA + RCD-D 300 mA,adet,1,,,,,,,
ELE0004,ALT,180,2006.A,"Çıkış TMŞ 3x32 A (APP-1, APP-2, SK-1, SK-2)",adet,4,,,,,,,
ELE0005,ALT,180,2006.A,Çıkış TMŞ 3x40 A (2 yedek + UPS besleme),adet,3,,,,,,,
ELE0006,ALT,180,2006.A,"UPS ana dağıtım panosu (UDP): giriş TMŞ 3x32 A, 20x5 Cu bara, UK1-UK2 TMŞ 3x32 A, UK3 AOS 1x10 A, UK4 TMŞ 1x10 A, UK5-UK7 TMŞ 3x25 A",adet,1,,,,,,,
ELE0007,ALT,180,2006.A,"UPS-1 / UPS-2 dağıtım panoları (peron başına, UK01-UK13 AOS 1x10/16 A + KAKŞ)",adet,2,,,,,,,
ELE0008,ALT,180,2006.A,Parafudr Tip 1+2 (giriş),adet,1,,,,,,,
ELE0009,ALT,180,2006.A,"Pano montaj, iç kablaj, test",set,1,,,,,,,
ELE0010,ANA,181,2006.B,Hızmalı Köprüsü İstasyonu Ag Ana Dağıtım Panoları (400 V),set,1,1,7,36437.69,38670.91,47863.93,,
ELE0011,ALT,181,2006.B,"ADP panosu: metal mahfazalı, TS EN 61439-1/2, IP54, 20x5 Cu bara 3P+N+PE",adet,1,,,,,,,
ELE0012,ALT,181,2006.B,Ana giriş TMŞ 3x125 A 10 kA + RCD-D 300 mA (toroid),adet,1,,,,,,,
ELE0013,ALT,181,2006.B,"Çıkış TMŞ 3x32 A (APP, UPS, SK, YMP-01/02/03, ASP-01/02/03)",adet,9,,,,,,,
ELE0014,ALT,181,2006.B,Çıkış TMŞ 3x40 A (yedek),adet,3,,,,,,,
ELE0015,ALT,181,2006.B,Parafudr Tip 1+2 3+N+PE (giriş),adet,1,,,,,,,
ELE0016,ALT,181,2006.B,"UPS ana dağıtım panosu (UPS çıkışı, UK01-UK12): giriş AOS 3x25 A, 2 x KAKŞ 4x25 A 30 mA, ~12 AOS 1x10/16 A, 4 yedek",adet,1,,,,,,,
ELE0017,ALT,181,2006.B,"Pano montaj/kaide, etiketleme, iç kablaj, test ve devreye alma",set,1,,,,,,,
ELE0018,ANA,182,2006.C,Balıklıgöl İstasyonu Ag Ana Dağıtım Panoları (400 V),set,1,1,,,,,,
ELE0019,ALT,182,2006.C,"ADP panosu: metal mahfazalı, TS EN 61439-1/2, IP54, 20x5 Cu bara 3P+N+PE",adet,1,,,,,,,
ELE0020,ALT,182,2006.C,Ana giriş TMŞ 3x125 A 10 kA + RCD-D 300 mA (toroid),adet,1,,,,,,,
ELE0021,ALT,182,2006.C,"Çıkış TMŞ 3x32 A (APP, UPS, SK, YMP-01/02/03, ASP-01/02/03)",adet,9,,,,,,,
ELE0022,ALT,182,2006.C,Çıkış TMŞ 3x40 A (yedek),adet,3,,,,,,,
ELE0023,ALT,182,2006.C,Parafudr Tip 1+2 3+N+PE (giriş),adet,1,,,,,,,
ELE0024,ALT,182,2006.C,"UPS ana dağıtım panosu (UPS çıkışı, UK01-UK12): giriş AOS 3x25 A, 2 x KAKŞ 4x25 A 30 mA, ~12 AOS 1x10/16 A, 4 yedek",adet,1,,,,,,,
ELE0025,ALT,182,2006.C,"Pano montaj/kaide, etiketleme, iç kablaj, test ve devreye alma",set,1,,,,,,,
ELE0026,ANA,183,2006.D,Eyüp Peygamber İstasyonu Ag Ana Dağıtım Panoları (400 V),set,1,1,,,,,,
ELE0027,ALT,183,2006.D,"ADP panosu: metal mahfazalı, TS EN 61439-1/2, IP54, 20x5 Cu bara 3P+N+PE",adet,1,,,,,,,
ELE0028,ALT,183,2006.D,Ana giriş TMŞ 3x125 A 10 kA + RCD-D 300 mA (toroid),adet,1,,,,,,,
ELE0029,ALT,183,2006.D,"Çıkış TMŞ 3x32 A (APP, UPS, SK, YMP-01/02/03, ASP-01/02/03)",adet,9,,,,,,,
ELE0030,ALT,183,2006.D,Çıkış TMŞ 3x40 A (yedek),adet,3,,,,,,,
ELE0031,ALT,183,2006.D,Parafudr Tip 1+2 3+N+PE (giriş),adet,1,,,,,,,
ELE0032,ALT,183,2006.D,"UPS ana dağıtım panosu (UPS çıkışı, UK01-UK12): giriş AOS 3x25 A, 2 x KAKŞ 4x25 A 30 mA, ~12 AOS 1x10/16 A, 4 yedek",adet,1,,,,,,,
ELE0033,ALT,183,2006.D,"Pano montaj/kaide, etiketleme, iç kablaj, test ve devreye alma",set,1,,,,,,,
ELE0034,ANA,184,2006.E,Rasathane İstasyonu Ag Ana Dağıtım Panoları (400 V),set,1,1,,,,,,
ELE0035,ALT,184,2006.E,"ADP panosu: metal mahfazalı, TS EN 61439-1/2, IP54, 20x5 Cu bara 3P+N+PE",adet,1,,,,,,,
ELE0036,ALT,184,2006.E,Ana giriş TMŞ 3x125 A 10 kA + RCD-D 300 mA (toroid),adet,1,,,,,,,
ELE0037,ALT,184,2006.E,"Çıkış TMŞ 3x32 A (APP, UPS, SK, YMP-01/02/03, ASP-01/02/03)",adet,9,,,,,,,
ELE0038,ALT,184,2006.E,Çıkış TMŞ 3x40 A (yedek),adet,3,,,,,,,
ELE0039,ALT,184,2006.E,Parafudr Tip 1+2 3+N+PE (giriş),adet,1,,,,,,,
ELE0040,ALT,184,2006.E,"UPS ana dağıtım panosu (UPS çıkışı, UK01-UK12): giriş AOS 3x25 A, 2 x KAKŞ 4x25 A 30 mA, ~12 AOS 1x10/16 A, 4 yedek",adet,1,,,,,,,
ELE0041,ALT,184,2006.E,"Pano montaj/kaide, etiketleme, iç kablaj, test ve devreye alma",set,1,,,,,,,
ELE0042,ANA,185,2006.F,Harran İstasyonu Ag Ana Dağıtım Panoları (400 V),set,1,1,,,,,,
ELE0043,ALT,185,2006.F,"ADP panosu: metal mahfazalı, TS EN 61439, IP54, 20x5 Cu bara",adet,1,,,,,,,
ELE0044,ALT,185,2006.F,Ana giriş TMŞ 3x63 A 10 kA + RCD-D 300 mA,adet,1,,,,,,,
ELE0045,ALT,185,2006.F,"Çıkış TMŞ 3x32 A (APP, UPS, SK)",adet,3,,,,,,,
ELE0046,ALT,185,2006.F,Çıkış TMŞ 3x40 A (yedek),adet,3,,,,,,,
ELE0047,ALT,185,2006.F,"UPS ana dağıtım panosu (UK01-UK12, 9,55 kW)",adet,1,,,,,,,
ELE0048,ALT,185,2006.F,Parafudr Tip 1+2 (giriş),adet,1,,,,,,,
ELE0049,ALT,185,2006.F,"Pano montaj, iç kablaj, test",set,1,,,,,,,
ELE0050,ANA,186,2006.G,Depo Sahası ve Tesisleri Ag Ana Dağıtım Panoları (400 V),set,1,1,,,,,,
ELE0051,ALT,186,2006.G,"T09 (depo trafo binası) ADP/13: 3200 A Cu bara, dikili tip form 3b/4, TS EN 61439",adet,1,,,,,,,
ELE0052,ALT,186,2006.G,"Açık tip motorlu hava devre kesici (ACB) 3x3200 A 40 kA (Q1, Q2 trafo girişleri, kuplaj/ATS kilitli)",adet,2,,,,,,,
ELE0053,ALT,186,2006.G,Akım trafosu 3200/5 A + enerji analizörü (Modbus),takım,2,,,,,,,
ELE0054,ALT,186,2006.G,Parafudr B+C sınıfı 100 kA,adet,1,,,,,,,
ELE0055,ALT,186,2006.G,Çıkış kompakt şalter 3x1250 A 35 kA (Q5 → D01-ADP atölye),adet,1,,,,,,,
ELE0056,ALT,186,2006.G,Çıkış kompakt şalter 3x630 A 35 kA (Q4 → AJDP),adet,1,,,,,,,
ELE0057,ALT,186,2006.G,Çıkış TMŞ 3x40 A (M1-M4 klima dış ünite TO SIMS + 2 yedek),adet,6,,,,,,,
ELE0058,ALT,186,2006.G,"Çıkış TMŞ 3x25/3x32 A (BCB, APP, D07 giriş kontrol APP)",adet,3,,,,,,,
ELE0059,ALT,186,2006.G,Çıkış MCB 2x16 A 10 kA (M5-M12 iç üniteler + 2 yedek),adet,10,,,,,,,
ELE0060,ALT,186,2006.G,Su deposu ATS panosu (yangın pompaları D06-YPP-001/002 90 kW + D06-SDP-J1; şebeke/jeneratör),adet,1,,,,,,,
ELE0061,ALT,186,2006.G,"AJDP (acil/jeneratör dağıtım panosu): 630 A Cu bara, Q3 3x800 A 40 kA (jeneratör), Q7 3x630 A, 3x500 A (JDP), 4x50 A (UPS), 3x63 A, 3x32 A; elektronik sayaç + 3x800/5 A",adet,1,,,,,,,
ELE0062,ALT,186,2006.G,"T09(Depo)-UPS-001 dağıtım panosu: 40 A bara, 4x40 A giriş, 9 x AOS 2x20 A (GGP, YAP, RTU, HP, SKP-1..4, I&LSKP)",adet,1,,,,,,,
ELE0063,ALT,186,2006.G,"D01-ADP atölye binası ana dağıtım panosu: 3x1250 A 35 kA giriş, 1250 A Cu bara, toroid kaçak akım rölesi 300 mA-30 A, B+C parafudr, enerji analizörü 1250/5 A, ~30 çıkış (3x25…3x630 A)",adet,1,,,,,,,
ELE0064,ALT,186,2006.G,"D01-JDP jeneratör dağıtım + D01-UDP (TCC UPS) dağıtım panoları, 2 x ATS panosu",adet,4,,,,,,,
ELE0065,ALT,186,2006.G,"D03-ADP-001 vagon yıkama binası ana dağıtım panosu (102,9 kW)",adet,1,,,,,,,
ELE0066,ALT,186,2006.G,"Pano montajı, bara bağlantıları, test/devreye alma, SCADA I/O",set,1,,,,,,,
ELE0067,ANA,190,2008.A,Göbekli Tepe İstasyonu Topraklama Tesisatı,set,1,1,8,20060.66,28494.96,40745.53,,
ELE0068,ALT,190,2008.A,"Temel topraklama iletkeni 30x3,5 mm sıcak daldırma galvanizli çelik şerit (beton içinde, dik)",m,498,,,,,,,
ELE0069,ALT,190,2008.A,"Topraklama elektrodu SOM BAKIR Ø20 x 1,5 m (galvanizli köşebent yerine) + 40x40 muayene menholü (bir kısmında)",adet,32,,,,,,,
ELE0070,ALT,190,2008.A,Çelik kolon (peron saçağı) topraklama bağlantısı (şerit filizi + bağlantı parçası),adet,29,,,,,,,
ELE0071,ALT,190,2008.A,Ark kaynaklı/egzotermik irtibat noktası ve çapraz galvaniz kroşe bağlantıları,adet,69,,,,,,,
ELE0072,ALT,190,2008.A,Metal korkuluk/turnike bağlantısı 1x16 mm2 izoleli iletken (H07Z-R),m,69,,,,,,,
ELE0073,ALT,190,2008.A,Pano odası topraklama barası (bakır eş potansiyel bara 300x40x5 veya 40x10x400) + bağlantı,adet,4,,,,,,,
ELE0074,ALT,190,2008.A,Ekipman/pano topraklama iletkenleri (H07Z-R 16-25 mm2) ve bağlantı pabuçları,m,58,,,,,,,
ELE0075,ALT,190,2008.A,Topraklama direnci ölçümü + süreklilik testi + fotoğraflı raporlama (beton öncesi),set,1,,,,,,,
ELE0076,ANA,191,2008.B,Hızmalı Köprüsü İstasyonu Topraklama Tesisatı,set,1,1,,,,,,
ELE0077,ALT,191,2008.B,"Temel topraklama iletkeni 30x3,5 mm sıcak daldırma galvanizli çelik şerit (beton içinde, dik)",m,252,,,,,,,
ELE0078,ALT,191,2008.B,"Topraklama elektrodu SOM BAKIR Ø20 x 1,5 m (galvanizli köşebent yerine) + 40x40 muayene menholü (bir kısmında)",adet,16,,,,,,,
ELE0079,ALT,191,2008.B,Çelik kolon (peron saçağı) topraklama bağlantısı (şerit filizi + bağlantı parçası),adet,15,,,,,,,
ELE0080,ALT,191,2008.B,Ark kaynaklı/egzotermik irtibat noktası ve çapraz galvaniz kroşe bağlantıları,adet,42,,,,,,,
ELE0081,ALT,191,2008.B,Metal korkuluk/turnike bağlantısı 1x16 mm2 izoleli iletken (H07Z-R),m,35,,,,,,,
ELE0082,ALT,191,2008.B,Pano odası topraklama barası (bakır eş potansiyel bara 300x40x5 veya 40x10x400) + bağlantı,adet,3,,,,,,,
ELE0083,ALT,191,2008.B,Ekipman/pano topraklama iletkenleri (H07Z-R 16-25 mm2) ve bağlantı pabuçları,m,58,,,,,,,
ELE0084,ALT,191,2008.B,Topraklama direnci ölçümü + süreklilik testi + fotoğraflı raporlama (beton öncesi),set,1,,,,,,,
ELE0085,ANA,192,2008.C,Balıklıgöl İstasyonu Topraklama Tesisatı,set,1,1,,,,,,
ELE0086,ALT,192,2008.C,"Temel topraklama iletkeni 30x3,5 mm sıcak daldırma galvanizli çelik şerit (beton içinde, dik)",m,252,,,,,,,
ELE0087,ALT,192,2008.C,"Topraklama elektrodu SOM BAKIR Ø20 x 1,5 m (galvanizli köşebent yerine) + 40x40 muayene menholü (bir kısmında)",adet,16,,,,,,,
ELE0088,ALT,192,2008.C,Çelik kolon (peron saçağı) topraklama bağlantısı (şerit filizi + bağlantı parçası),adet,15,,,,,,,
ELE0089,ALT,192,2008.C,Ark kaynaklı/egzotermik irtibat noktası ve çapraz galvaniz kroşe bağlantıları,adet,42,,,,,,,
ELE0090,ALT,192,2008.C,Metal korkuluk/turnike bağlantısı 1x16 mm2 izoleli iletken (H07Z-R),m,35,,,,,,,
ELE0091,ALT,192,2008.C,Pano odası topraklama barası (bakır eş potansiyel bara 300x40x5 veya 40x10x400) + bağlantı,adet,3,,,,,,,
ELE0092,ALT,192,2008.C,Ekipman/pano topraklama iletkenleri (H07Z-R 16-25 mm2) ve bağlantı pabuçları,m,58,,,,,,,
ELE0093,ALT,192,2008.C,Topraklama direnci ölçümü + süreklilik testi + fotoğraflı raporlama (beton öncesi),set,1,,,,,,,
ELE0094,ANA,193,2008.D,Eyüp Peygamber İstasyonu Topraklama Tesisatı,set,1,1,,,,,,
ELE0095,ALT,193,2008.D,"Temel topraklama iletkeni 30x3,5 mm sıcak daldırma galvanizli çelik şerit (beton içinde, dik)",m,252,,,,,,,
ELE0096,ALT,193,2008.D,"Topraklama elektrodu SOM BAKIR Ø20 x 1,5 m (galvanizli köşebent yerine) + 40x40 muayene menholü (bir kısmında)",adet,16,,,,,,,
ELE0097,ALT,193,2008.D,Çelik kolon (peron saçağı) topraklama bağlantısı (şerit filizi + bağlantı parçası),adet,15,,,,,,,
ELE0098,ALT,193,2008.D,Ark kaynaklı/egzotermik irtibat noktası ve çapraz galvaniz kroşe bağlantıları,adet,42,,,,,,,
ELE0099,ALT,193,2008.D,Metal korkuluk/turnike bağlantısı 1x16 mm2 izoleli iletken (H07Z-R),m,35,,,,,,,
ELE0100,ALT,193,2008.D,Pano odası topraklama barası (bakır eş potansiyel bara 300x40x5 veya 40x10x400) + bağlantı,adet,3,,,,,,,
ELE0101,ALT,193,2008.D,Ekipman/pano topraklama iletkenleri (H07Z-R 16-25 mm2) ve bağlantı pabuçları,m,58,,,,,,,
ELE0102,ALT,193,2008.D,Topraklama direnci ölçümü + süreklilik testi + fotoğraflı raporlama (beton öncesi),set,1,,,,,,,
ELE0103,ANA,194,2008.E,Rasathane İstasyonu Topraklama Tesisatı,set,1,1,,,,,,
ELE0104,ALT,194,2008.E,"Temel topraklama iletkeni 30x3,5 mm sıcak daldırma galvanizli çelik şerit (beton içinde, dik)",m,252,,,,,,,
ELE0105,ALT,194,2008.E,"Topraklama elektrodu SOM BAKIR Ø20 x 1,5 m (galvanizli köşebent yerine) + 40x40 muayene menholü (bir kısmında)",adet,16,,,,,,,
ELE0106,ALT,194,2008.E,Çelik kolon (peron saçağı) topraklama bağlantısı (şerit filizi + bağlantı parçası),adet,15,,,,,,,
ELE0107,ALT,194,2008.E,Ark kaynaklı/egzotermik irtibat noktası ve çapraz galvaniz kroşe bağlantıları,adet,42,,,,,,,
ELE0108,ALT,194,2008.E,Metal korkuluk/turnike bağlantısı 1x16 mm2 izoleli iletken (H07Z-R),m,35,,,,,,,
ELE0109,ALT,194,2008.E,Pano odası topraklama barası (bakır eş potansiyel bara 300x40x5 veya 40x10x400) + bağlantı,adet,3,,,,,,,
ELE0110,ALT,194,2008.E,Ekipman/pano topraklama iletkenleri (H07Z-R 16-25 mm2) ve bağlantı pabuçları,m,58,,,,,,,
ELE0111,ALT,194,2008.E,Topraklama direnci ölçümü + süreklilik testi + fotoğraflı raporlama (beton öncesi),set,1,,,,,,,
ELE0112,ANA,195,2008.G,Depo Sahası ve Topraklama Tesisatı,set,1,1,,,,,,
ELE0113,ALT,195,2008.G,Depo trafo binası (T09) temel altı ağ 1x120 mm2 örgülü çıplak bakır,m,195.47,,,,,,,
ELE0114,ALT,195,2008.G,"T09 kazık elektrodu Ø20 x 1,5 m Cu + bağlantı klemensleri",adet,16,,,,,,,
ELE0115,ALT,195,2008.G,"T09 bina içi 30x3,5 galvanizli şerit (kolon içi bara çıkışları, A-B aks hatları)",m,101,,,,,,,
ELE0116,ALT,195,2008.G,Atölye+idari bina (D01) temel altı ağ 1x120 mm2 örgülü çıplak bakır (~18x8-18 m gözlü),m,699.05,,,,,,,
ELE0117,ALT,195,2008.G,"D01 Cu elektrot Ø20 x 3,5 m (bakır)",adet,19,,,,,,,
ELE0118,ALT,195,2008.G,D01 bina içi topraklama: 1x120 ana + 1x70 + H07Z-R 1x16 ekipman iletkenleri,m,1287,,,,,,,
ELE0119,ALT,195,2008.G,D01 bakır topraklama barası 40x10x400 + egzotermik bağlantılar,adet,10,,,,,,,
ELE0120,ALT,195,2008.G,D01 donatı ilave Ø16 + galvanizli şerit–donatı bağlantı kroşeleri,adet,156,,,,,,,
ELE0121,ALT,195,2008.G,Vagon yıkama (D03) temel topraklama 1x120 mm2 örgülü çıplak bakır (dış çevre + aks 1 hattı),m,234,,,,,,,
ELE0122,ALT,195,2008.G,Malzeme deposu (D05) temel altı ağ 1x120 mm2 örgülü çıplak bakır (3 yatay + 5 düşey + elektrot bağlantıları),m,210,,,,,,,
ELE0123,ALT,195,2008.G,Su deposu/pompa (D06) temel topraklama 1x120 mm2 örgülü çıplak bakır,m,110.11,,,,,,,
ELE0124,ALT,195,2008.G,"Giriş kontrol binası (D07) temel topraklama 30x3,5 galvanizli çelik şerit",m,34,,,,,,,
ELE0125,ALT,195,2008.G,Vagon yıkama (D03) bina içi topraklama 1x16 mm2 çıplak bakır (duvar dibi),m,158,,,,,,,
ELE0126,ALT,195,2008.G,Yan binalar kazık elektrotları (Cu Ø20),adet,23,,,,,,,
ELE0127,ALT,195,2008.G,"Binalar arası topraklama irtibat hattı 1x120 mm2 Cu (saha, eş potansiyel)",m,382,,,,,,,
ELE0128,ALT,195,2008.G,Depo sahası ray/metal yapı topraklaması (depo floating değil): 1x120 mm2 Cu bağlantı,adet,52,,,,,,,
ELE0129,ALT,195,2008.G,Ölçümler/rapor,set,1,,,,,,,
ELE0130,ANA,196,2008.F,Harran İstasyonu Topraklama Tesisatı,set,1,1,,,,,,
ELE0131,ALT,196,2008.F,"Temel topraklama iletkeni 30x3,5 mm sıcak daldırma galvanizli çelik şerit (beton içinde, dik)",m,168,,,,,,,
ELE0132,ALT,196,2008.F,"Topraklama elektrodu SOM BAKIR Ø20 x 1,5 m (galvanizli köşebent yerine) + 40x40 muayene menholü (bir kısmında)",adet,16,,,,,,,
ELE0133,ALT,196,2008.F,Çelik kolon (peron saçağı) topraklama bağlantısı (şerit filizi + bağlantı parçası),adet,16,,,,,,,
ELE0134,ALT,196,2008.F,Ark kaynaklı/egzotermik irtibat noktası ve çapraz galvaniz kroşe bağlantıları,adet,36,,,,,,,
ELE0135,ALT,196,2008.F,Metal korkuluk/turnike bağlantısı 1x16 mm2 izoleli iletken (H07Z-R),m,35,,,,,,,
ELE0136,ALT,196,2008.F,Pano odası topraklama barası (bakır eş potansiyel bara 300x40x5 veya 40x10x400) + bağlantı,adet,2,,,,,,,
ELE0137,ALT,196,2008.F,Ekipman/pano topraklama iletkenleri (H07Z-R 16-25 mm2) ve bağlantı pabuçları,m,58,,,,,,,
ELE0138,ALT,196,2008.F,Topraklama direnci ölçümü + süreklilik testi + fotoğraflı raporlama (beton öncesi),set,1,,,,,,,
ELE0139,ANA,198,2008.I,Sanat Yapıları (Üst Geçit) Topraklama Tesisatı,set,4,1,,,,,,
ELE0140,ALT,198,2008.I,"Üst geçit ayak temelleri topraklaması 30x3,5 galvanizli şerit (temel içi + istasyon ağına bağlantı)",m,412,,,,,,,
ELE0141,ALT,198,2008.I,Çelik taşıyıcı kolon bağlantıları (şerit filizi/bağlantı parçası),adet,63,,,,,,,
ELE0142,ALT,198,2008.I,"Korkuluk, yürüyen merdiven ve asansör şaseleri eş potansiyel bağlantı 1x16/1x25 H07Z-R",m,264,,,,,,,
ELE0143,ALT,198,2008.I,Eş potansiyel bara (asansör kuyuları/merdiven başları),adet,12,,,,,,,
ELE0144,ALT,198,2008.I,"Topraklama elektrodu som bakır Cu Ø20 x 1,5 m",adet,16,,,,,,,
ELE0145,ALT,198,2008.I,Katener bölgesi (EN 50122-1 OCL zone) metal kısımları için gerilim sınırlayıcı/izolasyon kontrol bağlantısı,adet,4,,,,,,,
ELE0146,ALT,198,2008.I,Ölçümler,set,4,,,,,,,
ELE0147,ANA,199,2008.J,Hat Boyu Topraklama Tesisatı,set,1,1,,,,,,
ELE0148,ALT,199,2008.J,"Hatboyu kablo kanalı içinde 30x3,5 mm galvanizli çelik şerit (her iki yanda 1’er hat)",m,20870,,,,,,,
ELE0149,ALT,199,2008.J,"Katener direği topraklama bağlantısı (30x3,5 şerit filizi ~3 m + bağlantı klemensi)",adet,297,,,,,,,
ELE0150,ALT,199,2008.J,"Direk bağlantı şeridi 30x3,5 galvaniz",m,752.4,,,,,,,
ELE0151,ALT,199,2008.J,"Hatboyu ekipman (sinyal/makas kontrol dolapları, aydınlatma direk panoları, handhole) topraklama bağlantıları",adet,80,,,,,,,
ELE0152,ALT,199,2008.J,Şerit ek/düğüm noktaları (galvaniz çapraz kroşe / egzotermik),adet,380,,,,,,,
ELE0153,ALT,199,2008.J,"Kazık elektrodu Cu Ø20 x 3 m (hatboyu, ~250 m’de bir, her iki şerit)",adet,76,,,,,,,
ELE0154,ALT,199,2008.J,Hatboyu topraklama sürekliliği ve direnç ölçümleri,set,1,,,,,,,
ELE0155,ANA,211,2011.A,Göbekli Tepe İstasyonu Alçak Gerilim Besleme-Dağıtım Kabloları ve Kablo Taşıma Sistemleri,set,1,1,,,,,,
ELE0156,ALT,211,2011.A,"N2XH 4x6 mm2 (ADP→APP-1 5, APP-2 15, UPS 5+5, UDP→UPS-1 5, UPS-2 15, SKP21(SS-3) 200)",m,275,,,,,,,
ELE0157,ALT,211,2011.A,"N2XH 4x2,5 mm2 (ADP→SK-1 25, SK-2 25)",m,55,,,,,,,
ELE0158,ALT,211,2011.A,"N2XH 3x2,5 mm2 (UDP→kontrol panosu 5, AVLS 5)",m,11,,,,,,,
ELE0159,ALT,211,2011.A,"N2XH 3x2,5 mm2 – UPS-1/UPS-2 panolarından sistem panolarına (turnike, yolcu bilg., biletmatik, haberleşme, AVLS, TSKP, SKP)",m,814,,,,,,,
ELE0160,ALT,211,2011.A,Ø110 koruge (HDPE) elektrik borusu (2 kenar peron + hatlar altı geçiş),m,648,,,,,,,
ELE0161,ALT,211,2011.A,Kablo merdiveni 300 mm (pano odası) + delikli tava 100 mm,m,43,,,,,,,
ELE0162,ALT,211,2011.A,Yangın durdurucu,adet,8,,,,,,,
ELE0163,ALT,211,2011.A,Pabuç/etiket/test,set,1,,,,,,,
ELE0164,ALT,211,2011.A,Döşeme altı HDPE kablo koruma borusu (aydınlatma-priz besleme güzergâhı; ana Ø110 borulamadan ayrı),m,844,,,,,,,
ELE0165,ANA,212,2011.B,Hızmalı Köprüsü İstasyonu Alçak Gerilim Besleme-Dağıtım Kabloları ve Kablo Taşıma Sistemleri,set,1,1,,,,,,
ELE0166,ALT,212,2011.B,"N2XH 4x6 mm2 (ADP→APP, UPS, YMP-01/02/03, ASP-01/02/03)",m,275,,,,,,,
ELE0167,ALT,212,2011.B,"N2XH 4x2,5 mm2 (ADP→SK)",m,27.5,,,,,,,
ELE0168,ALT,212,2011.B,N2XH 4x6+6 (UPS→UPS dağıtım panosu) / H07Z-R 1x6 PE,m,22,,,,,,,
ELE0169,ALT,212,2011.B,"N2XH 3x2,5 mm2 – UPS panosundan sistem panolarına besleme (turnike 25, yolcu bilg. 60, biletmatik 15, haberleşme 5, AVLS 10, TSKP 10, SKP 10, DU 15)",m,319,,,,,,,
ELE0170,ALT,212,2011.B,N2XH 3x6 mm2 TSKP kavşak panosu beslemesi (kavşak ≥55 m ise),m,66,,,,,,,
ELE0171,ALT,212,2011.B,Ø110 koruge (HDPE) elektrik borusu – peron/üst geçit borulama,m,572,,,,,,,
ELE0172,ALT,212,2011.B,Galvanizli çelik kablo borusu / spiral (üst geçit ve saçak inişleri),m,58,,,,,,,
ELE0173,ALT,212,2011.B,"Kablo merdiveni 300 mm (ADP/pano odası, panolar arası) + askı/konsol",m,22,,,,,,,
ELE0174,ALT,212,2011.B,Delikli kablo tavası 100 mm + kapak (pano odası–peron geçişleri),m,29,,,,,,,
ELE0175,ALT,212,2011.B,Yangın durdurucu (duvar/döşeme geçişleri),adet,6,,,,,,,
ELE0176,ALT,212,2011.B,"Kablo başlık/pabuç, etiket, test (izolasyon ölçümü)",set,1,,,,,,,
ELE0177,ALT,212,2011.B,Döşeme altı HDPE kablo koruma borusu (aydınlatma-priz besleme güzergâhı; ana Ø110 borulamadan ayrı),m,783,,,,,,,
ELE0178,ANA,213,2011.C,Balıklıgöl İstasyonu Alçak Gerilim Besleme-Dağıtım Kabloları ve Kablo Taşıma Sistemleri,set,1,1,,,,,,
ELE0179,ALT,213,2011.C,"N2XH 4x6 mm2 (ADP→APP, UPS, YMP-01/02/03, ASP-01/02/03)",m,275,,,,,,,
ELE0180,ALT,213,2011.C,"N2XH 4x2,5 mm2 (ADP→SK)",m,27.5,,,,,,,
ELE0181,ALT,213,2011.C,N2XH 4x6+6 (UPS→UPS dağıtım panosu) / H07Z-R 1x6 PE,m,22,,,,,,,
ELE0182,ALT,213,2011.C,"N2XH 3x2,5 mm2 – UPS panosundan sistem panolarına besleme (turnike 25, yolcu bilg. 60, biletmatik 15, haberleşme 5, AVLS 10, TSKP 10, SKP 10, DU 15)",m,319,,,,,,,
ELE0183,ALT,213,2011.C,N2XH 3x6 mm2 TSKP kavşak panosu beslemesi (kavşak ≥55 m ise),m,66,,,,,,,
ELE0184,ALT,213,2011.C,Ø110 koruge (HDPE) elektrik borusu – peron/üst geçit borulama,m,572,,,,,,,
ELE0185,ALT,213,2011.C,Galvanizli çelik kablo borusu / spiral (üst geçit ve saçak inişleri),m,58,,,,,,,
ELE0186,ALT,213,2011.C,"Kablo merdiveni 300 mm (ADP/pano odası, panolar arası) + askı/konsol",m,22,,,,,,,
ELE0187,ALT,213,2011.C,Delikli kablo tavası 100 mm + kapak (pano odası–peron geçişleri),m,29,,,,,,,
ELE0188,ALT,213,2011.C,Yangın durdurucu (duvar/döşeme geçişleri),adet,6,,,,,,,
ELE0189,ALT,213,2011.C,"Kablo başlık/pabuç, etiket, test (izolasyon ölçümü)",set,1,,,,,,,
ELE0190,ALT,213,2011.C,Döşeme altı HDPE kablo koruma borusu (aydınlatma-priz besleme güzergâhı; ana Ø110 borulamadan ayrı),m,783,,,,,,,
ELE0191,ANA,214,2011.D,Eyüp Peygamber İstasyonu Alçak Gerilim Besleme-Dağıtım Kabloları ve Kablo Taşıma Sistemleri,set,1,1,,,,,,
ELE0192,ALT,214,2011.D,"N2XH 4x6 mm2 (ADP→APP, UPS, YMP-01/02/03, ASP-01/02/03)",m,275,,,,,,,
ELE0193,ALT,214,2011.D,"N2XH 4x2,5 mm2 (ADP→SK)",m,27.5,,,,,,,
ELE0194,ALT,214,2011.D,N2XH 4x6+6 (UPS→UPS dağıtım panosu) / H07Z-R 1x6 PE,m,22,,,,,,,
ELE0195,ALT,214,2011.D,"N2XH 3x2,5 mm2 – UPS panosundan sistem panolarına besleme (turnike 25, yolcu bilg. 60, biletmatik 15, haberleşme 5, AVLS 10, TSKP 10, SKP 10, DU 15)",m,319,,,,,,,
ELE0196,ALT,214,2011.D,N2XH 3x6 mm2 TSKP kavşak panosu beslemesi (kavşak ≥55 m ise),m,66,,,,,,,
ELE0197,ALT,214,2011.D,Ø110 koruge (HDPE) elektrik borusu – peron/üst geçit borulama,m,572,,,,,,,
ELE0198,ALT,214,2011.D,Galvanizli çelik kablo borusu / spiral (üst geçit ve saçak inişleri),m,58,,,,,,,
ELE0199,ALT,214,2011.D,"Kablo merdiveni 300 mm (ADP/pano odası, panolar arası) + askı/konsol",m,22,,,,,,,
ELE0200,ALT,214,2011.D,Delikli kablo tavası 100 mm + kapak (pano odası–peron geçişleri),m,29,,,,,,,
ELE0201,ALT,214,2011.D,Yangın durdurucu (duvar/döşeme geçişleri),adet,6,,,,,,,
ELE0202,ALT,214,2011.D,"Kablo başlık/pabuç, etiket, test (izolasyon ölçümü)",set,1,,,,,,,
ELE0203,ALT,214,2011.D,Döşeme altı HDPE kablo koruma borusu (aydınlatma-priz besleme güzergâhı; ana Ø110 borulamadan ayrı),m,783,,,,,,,
ELE0204,ANA,215,2011.E,Rasathane İstasyonu Alçak Gerilim Besleme-Dağıtım Kabloları ve Kablo Taşıma Sistemleri,set,1,1,,,,,,
ELE0205,ALT,215,2011.E,"N2XH 4x6 mm2 (ADP→APP, UPS, YMP-01/02/03, ASP-01/02/03)",m,275,,,,,,,
ELE0206,ALT,215,2011.E,"N2XH 4x2,5 mm2 (ADP→SK)",m,27.5,,,,,,,
ELE0207,ALT,215,2011.E,N2XH 4x6+6 (UPS→UPS dağıtım panosu) / H07Z-R 1x6 PE,m,22,,,,,,,
ELE0208,ALT,215,2011.E,"N2XH 3x2,5 mm2 – UPS panosundan sistem panolarına besleme (turnike 25, yolcu bilg. 60, biletmatik 15, haberleşme 5, AVLS 10, TSKP 10, SKP 10, DU 15)",m,319,,,,,,,
ELE0209,ALT,215,2011.E,N2XH 3x6 mm2 TSKP kavşak panosu beslemesi (kavşak ≥55 m ise),m,66,,,,,,,
ELE0210,ALT,215,2011.E,Ø110 koruge (HDPE) elektrik borusu – peron/üst geçit borulama,m,572,,,,,,,
ELE0211,ALT,215,2011.E,Galvanizli çelik kablo borusu / spiral (üst geçit ve saçak inişleri),m,58,,,,,,,
ELE0212,ALT,215,2011.E,"Kablo merdiveni 300 mm (ADP/pano odası, panolar arası) + askı/konsol",m,22,,,,,,,
ELE0213,ALT,215,2011.E,Delikli kablo tavası 100 mm + kapak (pano odası–peron geçişleri),m,29,,,,,,,
ELE0214,ALT,215,2011.E,Yangın durdurucu (duvar/döşeme geçişleri),adet,6,,,,,,,
ELE0215,ALT,215,2011.E,"Kablo başlık/pabuç, etiket, test (izolasyon ölçümü)",set,1,,,,,,,
ELE0216,ALT,215,2011.E,Döşeme altı HDPE kablo koruma borusu (aydınlatma-priz besleme güzergâhı; ana Ø110 borulamadan ayrı),m,783,,,,,,,
ELE0217,ANA,216,2011.G,Depo Sahası ve Tesisleri Alçak Gerilim Besleme-Dağıtım Kabloları ve Kablo Taşıma Sistemleri,set,1,1,,,,,,
ELE0218,ALT,216,2011.G,N2XH 3x240/120 mm2,m,852.5,,,,,,,
ELE0219,ALT,216,2011.G,N2XH 1x120 mm2 (T09→D01-ADP paralel PE),m,170.5,,,,,,,
ELE0220,ALT,216,2011.G,N2XH FE180 3x185/95 mm2 (AJDP→JDP),m,319,,,,,,,
ELE0221,ALT,216,2011.G,N2XH FE180 1x185 mm2 + H07Z1 1x95 (jeneratör→AJDP),m,346.5,,,,,,,
ELE0222,ALT,216,2011.G,N2XH 3x150/70 mm2,m,66,,,,,,,
ELE0223,ALT,216,2011.G,NYY 3x120/70 mm2,m,374,,,,,,,
ELE0224,ALT,216,2011.G,N2XH 3x120/70 mm2,m,101.2,,,,,,,
ELE0225,ALT,216,2011.G,N2XH FE180 3x95/50 mm2 (su deposu yangın pompaları YPP-001/002),m,605,,,,,,,
ELE0226,ALT,216,2011.G,N2XH 3x70/35 mm2,m,126.5,,,,,,,
ELE0227,ALT,216,2011.G,N2XH 3x50/25 mm2,m,115.5,,,,,,,
ELE0228,ALT,216,2011.G,N2XH 3x35/16 mm2,m,27.5,,,,,,,
ELE0229,ALT,216,2011.G,N2XH 3x25/16 mm2 (N2XH 60 + FE180 28+30),m,129.8,,,,,,,
ELE0230,ALT,216,2011.G,N2XH 4x16 mm2 (N2XH 564 + FE180 17),m,639.1,,,,,,,
ELE0231,ALT,216,2011.G,NYY 4x16 mm2,m,159.5,,,,,,,
ELE0232,ALT,216,2011.G,NYY 4x10 mm2 (D00-AP çevre aydınlatma panoları 8 fider + SKP-3/4 makas besleme),m,2145,,,,,,,
ELE0233,ALT,216,2011.G,N2XH 4x10 mm2 (N2XH 95+25 + FE180 25+60+92),m,326.7,,,,,,,
ELE0234,ALT,216,2011.G,N2XH 4x6 mm2 (N2XH 733 + FE180 367),m,1210,,,,,,,
ELE0235,ALT,216,2011.G,"NYY 4x4 mm2 (SKP-1/2, I&LSKP makas besleme)",m,330,,,,,,,
ELE0236,ALT,216,2011.G,"N2XH 3x2,5 mm2 (klima iç üniteler M5-M12, UPS U1-U4)",m,292,,,,,,,
ELE0237,ALT,216,2011.G,H07Z-R PE iletkenleri (16-120 mm2) fiderlerle birlikte,m,2145,,,,,,,
ELE0238,ALT,216,2011.G,D02 trafo binası delikli kablo tavası 100 mm (KT-100),m,192,,,,,,,
ELE0239,ALT,216,2011.G,D02 trafo binası kablo merdiveni/tava 500 mm (KT-500),m,311,,,,,,,
ELE0240,ALT,216,2011.G,"Atölye+idari bina (D01) kablo tavaları KT-100/KT-200 (çoğu KT-200, çukurlarda h:-0,5 m, holde h:3,00/6,45 m) + askı/konsol",m,2197,,,,,,,
ELE0241,ALT,216,2011.G,"Diğer depo binaları tavaları (D03, D05, D06)",m,143,,,,,,,
ELE0242,ALT,216,2011.G,Tava topraklama iletkeni 16 mm2 çıplak Cu (tava boyunca),m,2842,,,,,,,
ELE0243,ALT,216,2011.G,Saha dışı fiderler için HDPE koruge boru Ø110/160 (binalar arası),m,3575,,,,,,,
ELE0244,ALT,216,2011.G,"Yangın durdurucu, pabuç, etiket, testler",set,1,,,,,,,
ELE0245,ALT,216,2011.G,"D01 sistem/ekipman besleme kabloları N2XH 4x4–4x16 (IMP, MBP, AKT/003, TCCP/ZDUP rack)",m,510,,,,,,,
ELE0246,ALT,216,2011.G,D01 linye kabloları için HF boru/spiral + buat (sıva altı/üstü),m,9328,,,,,,,
ELE0247,ALT,216,2011.G,"D06 pompa/fan/kompresör besleme kabloları (4x4, 3x10, 3x2,5)",m,142,,,,,,,
ELE0248,ALT,216,2011.G,D07 bariyer/klima/mekanik besleme kabloları M01-M05,m,72,,,,,,,
ELE0249,ALT,216,2011.G,ÇAP101 besleme kablosu (D01 ADP→ÇAP101),m,72,,,,,,,
ELE0250,ANA,217,2011.F,Harran İstasyonu Alçak Gerilim Besleme-Dağıtım Kabloları ve Kablo Taşıma Sistemleri,set,1,1,,,,,,
ELE0251,ALT,217,2011.F,"N2XH 4x6 mm2 (ADP→APP 10, UPS 10) + UPS→UPS panosu 4x6+6 10",m,33,,,,,,,
ELE0252,ALT,217,2011.F,"N2XH 4x2,5 mm2 (ADP→SK 25)",m,27.5,,,,,,,
ELE0253,ALT,217,2011.F,"N2XH 3x2,5 mm2 – UPS panosundan sistem panolarına",m,319,,,,,,,
ELE0254,ALT,217,2011.F,N2XH 3x6 mm2 TSKP kavşak beslemesi,m,66,,,,,,,
ELE0255,ALT,217,2011.F,Ø110 koruge (HDPE) elektrik borusu,m,439,,,,,,,
ELE0256,ALT,217,2011.F,Kablo merdiveni 300 mm + delikli tava 100 mm (pano odası),m,36,,,,,,,
ELE0257,ALT,217,2011.F,Yangın durdurucu,adet,4,,,,,,,
ELE0258,ALT,217,2011.F,Pabuç/etiket/test,set,1,,,,,,,
ELE0259,ALT,217,2011.F,Döşeme altı HDPE kablo koruma borusu (aydınlatma-priz besleme güzergâhı; ana Ø110 borulamadan ayrı),m,466,,,,,,,
ELE0260,ANA,218,2011.H,Hat Boyu Alçak Gerilim Besleme-Dağıtım Kabloları ve Kablo Taşıma Sistemleri,set,1,1,,,,,,
ELE0261,ALT,218,2011.H,"NYY 3x185/95 mm2 (TR-06→Hızmalı Köprüsü 660 m, TR-07→Eyüp Peygamber 630 m)",m,1419,,,,,,,
ELE0262,ALT,218,2011.H,NYY 3x120/70 mm2 (TR-8→Harran 1590 m),m,1749,,,,,,,
ELE0263,ALT,218,2011.H,"NYY 3x95/50 mm2 (TR-06→Balıklıgöl 270 m, TR-8→Rasathane 390 m)",m,726,,,,,,,
ELE0264,ALT,218,2011.H,NYY 3x70/35 mm2 (TR-05→Göbeklitepe 820 m),m,902,,,,,,,
ELE0265,ALT,218,2011.H,"N2XH-O 4x10 mm2 (TM UDP→makas kontrol panosu SKP-1, 634 m/TM)",m,2789.6,,,,,,,
ELE0266,ALT,218,2011.H,Kablo başlık/pabuç (NYY 70-185 mm2),adet,48,,,,,,,
ELE0267,ALT,218,2011.H,Hatboyu kablo kanalı içi AG kablo konsolu/kelepçe (kanal duvarına),adet,5977,,,,,,,
ELE0268,ALT,218,2011.H,Yol/kavşak geçişleri HDPE boru Ø160 (AG fiderleri),m,858,,,,,,,
ELE0269,ALT,218,2011.H,Hatboyu aydınlatma kablo koruma borusu HDPE koruge (yol geçişleri + tranşe),m,20672,,,,,,,
ELE0270,ALT,218,2011.H,AP (aydınlatma) panoları beslemesi NYY 4x16 (mevcut DEDAŞ şebekesinden),m,363,,,,,,,
ELE0271,ALT,218,2011.H,Gerilim düşümü doğrulaması ve kablo testleri,set,1,,,,,,,
ELE0272,ANA,322,5001,Alçak Gerilim Tesisatı ve Aydınlatma Sistemi Tasarımı,set,1,1,,,,,,
ELE0273,ALT,322,5001,İstasyon AG-aydınlatma uygulama projeleri (Tip1 Tip3 Tip4 – 6 istasyon adaptasyonu dahil),set,1,,,,,,,
ELE0274,ALT,322,5001,Depo sahası binaları AG-aydınlatma uygulama projeleri (D01 D02 D03 D05 D06 D07 + çevre aydınlatma),set,1,,,,,,,
ELE0275,ALT,322,5001,Hat trafo binaları (T00 tip ×4) AG-aydınlatma uygulama projeleri,set,1,,,,,,,
ELE0276,ALT,322,5001,Hatboyu aydınlatma uygulama projesi (yol aydınlatma planları + pano cetvelleri + TEDAŞ onayı),set,1,,,,,,,
ELE0277,ALT,322,5001,Aydınlatma hesapları (DIALux) + kablo kesit / gerilim düşümü / kısa devre / selektivite hesapları,set,1,,,,,,,
ELE0278,ALT,322,5001,Topraklama ve yıldırımdan korunma hesap raporları (istasyon depo trafo),set,1,,,,,,,
ELE0279,ALT,322,5001,UPS ve akü kapasite hesapları (IEEE 485) + tali pano imalat projeleri onayı,set,1,,,,,,,
ELE0280,ALT,322,5001,As-built projeler ve işletme-bakım dokümantasyonu,set,1,,,,,,,
ELE0281,ANA,323,5002.A,Göbekli Tepe İstasyonu Alçak Gerilim Tesisatı ve Aydınlatma Sistemi,set,1,1,7,169163.41,176510.26,228009.04,,
ELE0282,ALT,323,5002.A,66W LED direk üstü aydınlatma armatürü (IP65/66 peron),adet,32,,,,,,,
ELE0283,ALT,323,5002.A,"Peron aydınlatma direği h=3,5 m galvaniz çift kollu (ankraj dahil – temel inşai)",adet,12,,,,,,,
ELE0284,ALT,323,5002.A,66W LED projektör (IP66),adet,6,,,,,,,
ELE0285,ALT,323,5002.A,30W IP65 LED lineer armatür (peron kanopi kenarı),adet,50,,,,,,,
ELE0286,ALT,323,5002.A,30W IP65 LED turnike üzeri kanopi armatürü (UPS hattı),adet,6,,,,,,,
ELE0287,ALT,323,5002.A,36W IP65 LED armatür (pano odası + güvenlik kabini),adet,8,,,,,,,
ELE0288,ALT,323,5002.A,100W kubbe/kanopi acil aydınlatma armatürü – projede aydınlatma ucu (UPS),adet,26,,,,,,,
ELE0289,ALT,323,5002.A,Totem iç aydınlatması besleme ucu (500W),adet,2,,,,,,,
ELE0290,ALT,323,5002.A,Ortam korumalı (IP55) adi aydınlatma anahtarı,adet,8,,,,,,,
ELE0291,ALT,323,5002.A,Harici aydınlatma astronomik zaman rölesi + kontaktör grubu (APP içinde),takım,2,,,,,,,
ELE0292,ALT,323,5002.A,Monofaze etanj/gömme topraklı priz (16A),adet,16,,,,,,,
ELE0293,ALT,323,5002.A,APP aydınlatma-priz tali panosu (IP65 dahili/harici 3F 25A giriş 8-10 çıkış KAKS 30mA),adet,2,,,,,,,
ELE0294,ALT,323,5002.A,UPP UPS'ten beslenen aydınlatma-priz/UPS dağıtım panosu (12-13 çıkış RCBO),adet,2,,,,,,,
ELE0295,ALT,323,5002.A,SK sigorta kutusu (güvenlik kabini 3F 25A 6 çıkış),adet,2,,,,,,,
ELE0296,ALT,323,5002.A,UPS 10 kVA 3F/3F online IGBT + manuel by-pass,adet,2,,,,,,,
ELE0297,ALT,323,5002.A,UPS akü grubu VRLA 2 saat otonomi (10 kVA tam yük) – 32×12V 100Ah blok (384 V DC) + akü kabini,takım,2,,,,,,,
ELE0298,ALT,323,5002.A,"N2XH 3x2,5 mm² aydınlatma-priz linye + sorti kablosu",m,1759,,,,,,,
ELE0299,ALT,323,5002.A,"N2XH 5x2,5 mm² lineer armatür linyesi",m,327,,,,,,,
ELE0300,ALT,323,5002.A,Isı büzüşmeli kablo ek/sorti seti + buat (IP66) – yerden armatür beslemeleri,adet,91,,,,,,,
ELE0301,ANA,324,5002.B,Hızmalı Köprüsü İstasyonu Alçak Gerilim Tesisatı ve Aydınlatma Sistemi,set,1,1,,,,,,
ELE0302,ALT,324,5002.B,66W LED direk üstü aydınlatma armatürü (IP65/66 peron),adet,16,,,,,,,
ELE0303,ALT,324,5002.B,"Peron aydınlatma direği h=3,5 m galvaniz çift kollu (ankraj dahil – temel inşai)",adet,6,,,,,,,
ELE0304,ALT,324,5002.B,66W LED projektör (IP66),adet,3,,,,,,,
ELE0305,ALT,324,5002.B,30W IP65 LED lineer armatür (peron kanopi kenarı),adet,50,,,,,,,
ELE0306,ALT,324,5002.B,30W IP65 LED turnike üzeri kanopi armatürü (UPS hattı),adet,3,,,,,,,
ELE0307,ALT,324,5002.B,36W IP65 LED armatür (pano odası + güvenlik kabini),adet,4,,,,,,,
ELE0308,ALT,324,5002.B,100W kubbe/kanopi acil aydınlatma armatürü – projede aydınlatma ucu (UPS),adet,13,,,,,,,
ELE0309,ALT,324,5002.B,Totem iç aydınlatması besleme ucu (500W),adet,1,,,,,,,
ELE0310,ALT,324,5002.B,66W LED armatür – üst geçit / yürüyen merdiven bölgesi,adet,26,,,,,,,
ELE0311,ALT,324,5002.B,Ortam korumalı (IP55) adi aydınlatma anahtarı,adet,4,,,,,,,
ELE0312,ALT,324,5002.B,Harici aydınlatma astronomik zaman rölesi + kontaktör grubu (APP içinde),takım,1,,,,,,,
ELE0313,ALT,324,5002.B,Monofaze etanj/gömme topraklı priz (16A),adet,8,,,,,,,
ELE0314,ALT,324,5002.B,APP aydınlatma-priz tali panosu (IP65 dahili/harici 3F 25A giriş 8-10 çıkış KAKS 30mA),adet,1,,,,,,,
ELE0315,ALT,324,5002.B,UPP UPS'ten beslenen aydınlatma-priz/UPS dağıtım panosu (12-13 çıkış RCBO),adet,1,,,,,,,
ELE0316,ALT,324,5002.B,SK sigorta kutusu (güvenlik kabini 3F 25A 6 çıkış),adet,1,,,,,,,
ELE0317,ALT,324,5002.B,UPS 10 kVA 3F/3F online IGBT + manuel by-pass,adet,1,,,,,,,
ELE0318,ALT,324,5002.B,UPS akü grubu VRLA 2 saat otonomi (10 kVA tam yük) – 32×12V 100Ah blok (384 V DC) + akü kabini,takım,1,,,,,,,
ELE0319,ALT,324,5002.B,"N2XH 3x2,5 mm² aydınlatma-priz linye + sorti kablosu",m,1066,,,,,,,
ELE0320,ALT,324,5002.B,"N2XH 5x2,5 mm² lineer armatür linyesi",m,327,,,,,,,
ELE0321,ALT,324,5002.B,Isı büzüşmeli kablo ek/sorti seti + buat (IP66) – yerden armatür beslemeleri,adet,71,,,,,,,
ELE0322,ANA,325,5002.C,Balıklıgöl İstasyonu Alçak Gerilim Tesisatı ve Aydınlatma Sistemi,set,1,1,,,,,,
ELE0323,ALT,325,5002.C,66W LED direk üstü aydınlatma armatürü (IP65/66 peron),adet,16,,,,,,,
ELE0324,ALT,325,5002.C,"Peron aydınlatma direği h=3,5 m galvaniz çift kollu (ankraj dahil – temel inşai)",adet,6,,,,,,,
ELE0325,ALT,325,5002.C,66W LED projektör (IP66),adet,3,,,,,,,
ELE0326,ALT,325,5002.C,30W IP65 LED lineer armatür (peron kanopi kenarı),adet,50,,,,,,,
ELE0327,ALT,325,5002.C,30W IP65 LED turnike üzeri kanopi armatürü (UPS hattı),adet,3,,,,,,,
ELE0328,ALT,325,5002.C,36W IP65 LED armatür (pano odası + güvenlik kabini),adet,4,,,,,,,
ELE0329,ALT,325,5002.C,100W kubbe/kanopi acil aydınlatma armatürü – projede aydınlatma ucu (UPS),adet,13,,,,,,,
ELE0330,ALT,325,5002.C,Totem iç aydınlatması besleme ucu (500W),adet,1,,,,,,,
ELE0331,ALT,325,5002.C,66W LED armatür – üst geçit / yürüyen merdiven bölgesi,adet,26,,,,,,,
ELE0332,ALT,325,5002.C,Ortam korumalı (IP55) adi aydınlatma anahtarı,adet,4,,,,,,,
ELE0333,ALT,325,5002.C,Harici aydınlatma astronomik zaman rölesi + kontaktör grubu (APP içinde),takım,1,,,,,,,
ELE0334,ALT,325,5002.C,Monofaze etanj/gömme topraklı priz (16A),adet,8,,,,,,,
ELE0335,ALT,325,5002.C,APP aydınlatma-priz tali panosu (IP65 dahili/harici 3F 25A giriş 8-10 çıkış KAKS 30mA),adet,1,,,,,,,
ELE0336,ALT,325,5002.C,UPP UPS'ten beslenen aydınlatma-priz/UPS dağıtım panosu (12-13 çıkış RCBO),adet,1,,,,,,,
ELE0337,ALT,325,5002.C,SK sigorta kutusu (güvenlik kabini 3F 25A 6 çıkış),adet,1,,,,,,,
ELE0338,ALT,325,5002.C,UPS 10 kVA 3F/3F online IGBT + manuel by-pass,adet,1,,,,,,,
ELE0339,ALT,325,5002.C,UPS akü grubu VRLA 2 saat otonomi (10 kVA tam yük) – 32×12V 100Ah blok (384 V DC) + akü kabini,takım,1,,,,,,,
ELE0340,ALT,325,5002.C,"N2XH 3x2,5 mm² aydınlatma-priz linye + sorti kablosu",m,1066,,,,,,,
ELE0341,ALT,325,5002.C,"N2XH 5x2,5 mm² lineer armatür linyesi",m,327,,,,,,,
ELE0342,ALT,325,5002.C,Isı büzüşmeli kablo ek/sorti seti + buat (IP66) – yerden armatür beslemeleri,adet,71,,,,,,,
ELE0343,ANA,326,5002.D,Eyüp Peygamber İstasyonu Alçak Gerilim Tesisatı ve Aydınlatma Sistemi,set,1,1,,,,,,
ELE0344,ALT,326,5002.D,66W LED direk üstü aydınlatma armatürü (IP65/66 peron),adet,16,,,,,,,
ELE0345,ALT,326,5002.D,"Peron aydınlatma direği h=3,5 m galvaniz çift kollu (ankraj dahil – temel inşai)",adet,6,,,,,,,
ELE0346,ALT,326,5002.D,66W LED projektör (IP66),adet,3,,,,,,,
ELE0347,ALT,326,5002.D,30W IP65 LED lineer armatür (peron kanopi kenarı),adet,50,,,,,,,
ELE0348,ALT,326,5002.D,30W IP65 LED turnike üzeri kanopi armatürü (UPS hattı),adet,3,,,,,,,
ELE0349,ALT,326,5002.D,36W IP65 LED armatür (pano odası + güvenlik kabini),adet,4,,,,,,,
ELE0350,ALT,326,5002.D,100W kubbe/kanopi acil aydınlatma armatürü – projede aydınlatma ucu (UPS),adet,13,,,,,,,
ELE0351,ALT,326,5002.D,Totem iç aydınlatması besleme ucu (500W),adet,1,,,,,,,
ELE0352,ALT,326,5002.D,66W LED armatür – üst geçit / yürüyen merdiven bölgesi,adet,26,,,,,,,
ELE0353,ALT,326,5002.D,Ortam korumalı (IP55) adi aydınlatma anahtarı,adet,4,,,,,,,
ELE0354,ALT,326,5002.D,Harici aydınlatma astronomik zaman rölesi + kontaktör grubu (APP içinde),takım,1,,,,,,,
ELE0355,ALT,326,5002.D,Monofaze etanj/gömme topraklı priz (16A),adet,8,,,,,,,
ELE0356,ALT,326,5002.D,APP aydınlatma-priz tali panosu (IP65 dahili/harici 3F 25A giriş 8-10 çıkış KAKS 30mA),adet,1,,,,,,,
ELE0357,ALT,326,5002.D,UPP UPS'ten beslenen aydınlatma-priz/UPS dağıtım panosu (12-13 çıkış RCBO),adet,1,,,,,,,
ELE0358,ALT,326,5002.D,SK sigorta kutusu (güvenlik kabini 3F 25A 6 çıkış),adet,1,,,,,,,
ELE0359,ALT,326,5002.D,UPS 10 kVA 3F/3F online IGBT + manuel by-pass,adet,1,,,,,,,
ELE0360,ALT,326,5002.D,UPS akü grubu VRLA 2 saat otonomi (10 kVA tam yük) – 32×12V 100Ah blok (384 V DC) + akü kabini,takım,1,,,,,,,
ELE0361,ALT,326,5002.D,"N2XH 3x2,5 mm² aydınlatma-priz linye + sorti kablosu",m,1066,,,,,,,
ELE0362,ALT,326,5002.D,"N2XH 5x2,5 mm² lineer armatür linyesi",m,327,,,,,,,
ELE0363,ALT,326,5002.D,Isı büzüşmeli kablo ek/sorti seti + buat (IP66) – yerden armatür beslemeleri,adet,71,,,,,,,
ELE0364,ANA,327,5002.E,Rasathane İstasyonu Alçak Gerilim Tesisatı ve Aydınlatma Sistemi,set,1,1,,,,,,
ELE0365,ALT,327,5002.E,66W LED direk üstü aydınlatma armatürü (IP65/66 peron),adet,16,,,,,,,
ELE0366,ALT,327,5002.E,"Peron aydınlatma direği h=3,5 m galvaniz çift kollu (ankraj dahil – temel inşai)",adet,6,,,,,,,
ELE0367,ALT,327,5002.E,66W LED projektör (IP66),adet,3,,,,,,,
ELE0368,ALT,327,5002.E,30W IP65 LED lineer armatür (peron kanopi kenarı),adet,50,,,,,,,
ELE0369,ALT,327,5002.E,30W IP65 LED turnike üzeri kanopi armatürü (UPS hattı),adet,3,,,,,,,
ELE0370,ALT,327,5002.E,36W IP65 LED armatür (pano odası + güvenlik kabini),adet,4,,,,,,,
ELE0371,ALT,327,5002.E,100W kubbe/kanopi acil aydınlatma armatürü – projede aydınlatma ucu (UPS),adet,13,,,,,,,
ELE0372,ALT,327,5002.E,Totem iç aydınlatması besleme ucu (500W),adet,1,,,,,,,
ELE0373,ALT,327,5002.E,66W LED armatür – üst geçit / yürüyen merdiven bölgesi,adet,26,,,,,,,
ELE0374,ALT,327,5002.E,Ortam korumalı (IP55) adi aydınlatma anahtarı,adet,4,,,,,,,
ELE0375,ALT,327,5002.E,Harici aydınlatma astronomik zaman rölesi + kontaktör grubu (APP içinde),takım,1,,,,,,,
ELE0376,ALT,327,5002.E,Monofaze etanj/gömme topraklı priz (16A),adet,8,,,,,,,
ELE0377,ALT,327,5002.E,APP aydınlatma-priz tali panosu (IP65 dahili/harici 3F 25A giriş 8-10 çıkış KAKS 30mA),adet,1,,,,,,,
ELE0378,ALT,327,5002.E,UPP UPS'ten beslenen aydınlatma-priz/UPS dağıtım panosu (12-13 çıkış RCBO),adet,1,,,,,,,
ELE0379,ALT,327,5002.E,SK sigorta kutusu (güvenlik kabini 3F 25A 6 çıkış),adet,1,,,,,,,
ELE0380,ALT,327,5002.E,UPS 10 kVA 3F/3F online IGBT + manuel by-pass,adet,1,,,,,,,
ELE0381,ALT,327,5002.E,UPS akü grubu VRLA 2 saat otonomi (10 kVA tam yük) – 32×12V 100Ah blok (384 V DC) + akü kabini,takım,1,,,,,,,
ELE0382,ALT,327,5002.E,"N2XH 3x2,5 mm² aydınlatma-priz linye + sorti kablosu",m,1066,,,,,,,
ELE0383,ALT,327,5002.E,"N2XH 5x2,5 mm² lineer armatür linyesi",m,327,,,,,,,
ELE0384,ALT,327,5002.E,Isı büzüşmeli kablo ek/sorti seti + buat (IP66) – yerden armatür beslemeleri,adet,71,,,,,,,
ELE0385,ANA,328,5002.F,Harran İstasyonu Alçak Gerilim Tesisatı ve Aydınlatma Sistemi,set,1,1,,,,,,
ELE0386,ALT,328,5002.F,66W LED direk üstü aydınlatma armatürü (IP65/66 peron),adet,16,,,,,,,
ELE0387,ALT,328,5002.F,"Peron aydınlatma direği h=3,5 m galvaniz çift kollu (ankraj dahil – temel inşai)",adet,6,,,,,,,
ELE0388,ALT,328,5002.F,66W LED projektör (IP66),adet,3,,,,,,,
ELE0389,ALT,328,5002.F,30W IP65 LED lineer armatür (peron kanopi kenarı),adet,50,,,,,,,
ELE0390,ALT,328,5002.F,30W IP65 LED turnike üzeri kanopi armatürü (UPS hattı),adet,3,,,,,,,
ELE0391,ALT,328,5002.F,36W IP65 LED armatür (pano odası + güvenlik kabini),adet,4,,,,,,,
ELE0392,ALT,328,5002.F,100W kubbe/kanopi acil aydınlatma armatürü – projede aydınlatma ucu (UPS),adet,13,,,,,,,
ELE0393,ALT,328,5002.F,Totem iç aydınlatması besleme ucu (500W),adet,1,,,,,,,
ELE0394,ALT,328,5002.F,Ortam korumalı (IP55) adi aydınlatma anahtarı,adet,4,,,,,,,
ELE0395,ALT,328,5002.F,Harici aydınlatma astronomik zaman rölesi + kontaktör grubu (APP içinde),takım,1,,,,,,,
ELE0396,ALT,328,5002.F,Monofaze etanj/gömme topraklı priz (16A),adet,8,,,,,,,
ELE0397,ALT,328,5002.F,APP aydınlatma-priz tali panosu (IP65 dahili/harici 3F 25A giriş 8-10 çıkış KAKS 30mA),adet,1,,,,,,,
ELE0398,ALT,328,5002.F,UPP UPS'ten beslenen aydınlatma-priz/UPS dağıtım panosu (12-13 çıkış RCBO),adet,1,,,,,,,
ELE0399,ALT,328,5002.F,SK sigorta kutusu (güvenlik kabini 3F 25A 6 çıkış),adet,1,,,,,,,
ELE0400,ALT,328,5002.F,UPS 10 kVA 3F/3F online IGBT + manuel by-pass,adet,1,,,,,,,
ELE0401,ALT,328,5002.F,UPS akü grubu VRLA 2 saat otonomi (10 kVA tam yük) – 32×12V 100Ah blok (384 V DC) + akü kabini,takım,1,,,,,,,
ELE0402,ALT,328,5002.F,"N2XH 3x2,5 mm² aydınlatma-priz linye + sorti kablosu",m,758,,,,,,,
ELE0403,ALT,328,5002.F,"N2XH 5x2,5 mm² lineer armatür linyesi",m,327,,,,,,,
ELE0404,ALT,328,5002.F,Isı büzüşmeli kablo ek/sorti seti + buat (IP66) – yerden armatür beslemeleri,adet,71,,,,,,,
ELE0405,ANA,329,5002.G,Depo Sahası ve Tesisleri Alçak Gerilim Tesisatı ve Aydınlatma Sistemi,set,1,1,,,,,,
ELE0406,ALT,329,5002.G,D01 – 60x60 asma tavan LED panel armatür 25W (ÖE.02/ÖE.03 IP20),adet,212,,,,,,,
ELE0407,ALT,329,5002.G,D01 – 38W LED armatür (lejantta tanımsız – 60x60 yüksek akı öngörü),adet,6,,,,,,,
ELE0408,ALT,329,5002.G,D01 – Spot tipi 13W gömme LED armatür (IP54),adet,69,,,,,,,
ELE0409,ALT,329,5002.G,D01 – 21W LED armatür / 21W ayna üstü LED (IP54),adet,13,,,,,,,
ELE0410,ALT,329,5002.G,D01 – Sıva üstü 24W ortam korumalı LED armatür (IP65),adet,108,,,,,,,
ELE0411,ALT,329,5002.G,D01 – Sıva üstü 30W ortam korumalı LED armatür (IP65),adet,181,,,,,,,
ELE0412,ALT,329,5002.G,D01 – Atölye tipi 100W LED armatür (high-bay),adet,82,,,,,,,
ELE0413,ALT,329,5002.G,D01 – 125W LED projektör (IP66),adet,34,,,,,,,
ELE0414,ALT,329,5002.G,D01 – Acil çıkış / yönlendirme LED armatürü 1x8W (UPS hattı),adet,25,,,,,,,
ELE0415,ALT,329,5002.G,D01 – Kendinden bataryalı acil aydınlatma armatürü (E.L.),adet,32,,,,,,,
ELE0416,ALT,329,5002.G,D01 – Aydınlatma anahtarı (adi komütatör vaviyen ortam korumalı karışık) + hareket sensörü,adet,95,,,,,,,
ELE0417,ALT,329,5002.G,D01 – Monofaze topraklı priz 16A (normal + UPS kırmızı),adet,162,,,,,,,
ELE0418,ALT,329,5002.G,D01 – Özel güç prizi / besleme ucu 1F (el kurutma 600W ×2 + 1000W + 1050W ×2),adet,7,,,,,,,
ELE0419,ALT,329,5002.G,D01 – Kombine priz kutusu (16A 1F + 32A 3F CEE IP44/67) – atölye kuvvet prizi,adet,101,,,,,,,
ELE0420,ALT,329,5002.G,D01 – Mutfak/ekipman besleme ucu (MP/101 BESLEME UCU),adet,9,,,,,,,
ELE0421,ALT,329,5002.G,D01 – APP aydınlatma-priz tali panoları (APP/101 APP/Z01 APP/Z02 APP/Z03),adet,4,,,,,,,
ELE0422,ALT,329,5002.G,D01 – UPP UPS'ten beslenen aydınlatma-priz panoları (UPP/101 UPP/Z01 UPP/Z02 UPP/Z03),adet,4,,,,,,,
ELE0423,ALT,329,5002.G,D01 – AKT atölye kuvvet/priz tali panoları (AKT/001..004),adet,4,,,,,,,
ELE0424,ALT,329,5002.G,D01 – Atölye bölüm priz panoları (BPP EBP IMP KAP MBP /Z01),adet,5,,,,,,,
ELE0425,ALT,329,5002.G,D01 – TCC ve zayıf akım UPS priz panoları (TCCP/101 ZDUP/101),adet,2,,,,,,,
ELE0426,ALT,329,5002.G,D01 – Mutfak/besleme ucu panosu MP/101,adet,1,,,,,,,
ELE0427,ALT,329,5002.G,D01 – UPS 30 kVA 3F/3F online + by-pass (bina UPS ve TCC UPS),adet,2,,,,,,,
ELE0428,ALT,329,5002.G,D01 – UPS akü grubu VRLA 2 saat otonomi (30 kVA) – 40×12V 200Ah blok (480 V DC) + akü rafı/kabini,takım,2,,,,,,,
ELE0429,ALT,329,5002.G,"D01 – N2XH 3x2,5 mm² aydınlatma linye + sorti",m,2753.3,,,,,,,
ELE0430,ALT,329,5002.G,"D01 – N2XH-FE180 3x2,5 mm² acil (UPP) aydınlatma linye + sorti",m,3171.3,,,,,,,
ELE0431,ALT,329,5002.G,D01 – N2XH 3x4 mm² aydınlatma linyesi (atölye high-bay),m,913,,,,,,,
ELE0432,ALT,329,5002.G,D01 – N2XH 3x6 mm² aydınlatma linyesi (atölye uzun linyeler),m,695.2,,,,,,,
ELE0433,ALT,329,5002.G,"D01 – N2XH 5x2,5 mm² aydınlatma linyesi",m,93.5,,,,,,,
ELE0434,ALT,329,5002.G,"D01 – N2XH 3x2,5 mm² priz linye + sorti",m,666,,,,,,,
ELE0435,ALT,329,5002.G,"D01 – N2XH-FE180 3x2,5 mm² UPS priz linye + sorti",m,1103,,,,,,,
ELE0436,ALT,329,5002.G,D01 – N2XH-FE180 3x6 mm² özel priz linyesi,m,315,,,,,,,
ELE0437,ALT,329,5002.G,D01 – N2XH 5x10 mm² kombine priz kutusu linyesi,m,2542,,,,,,,
ELE0438,ALT,329,5002.G,"D01 – N2XH 3x2,5 mm² besleme ucu linyesi (MP/101)",m,115.5,,,,,,,
ELE0439,ALT,329,5002.G,D01 – Aktif paratoner (yakalama ucu + 6 m direk + iniş iletkeni 50 mm² Cu ~2×20 m + test klemensi + elektrot),takım,1,,,,,,,
ELE0440,ALT,329,5002.G,D02 – Sıva üstü 30W IP65 LED armatür,adet,51,,,,,,,
ELE0441,ALT,329,5002.G,D02 – 60W LED armatür/projektör (harici veya galeri),adet,6,,,,,,,
ELE0442,ALT,329,5002.G,D02 – Acil çıkış yönlendirme LED 1x8W,adet,2,,,,,,,
ELE0443,ALT,329,5002.G,D02 – Monofaze topraklı priz 16A,adet,11,,,,,,,
ELE0444,ALT,329,5002.G,D02 – Trifaze priz / kombine priz kutusu (4x4 mm² linye),adet,3,,,,,,,
ELE0445,ALT,329,5002.G,D02 – Ortam korumalı anahtar,adet,8,,,,,,,
ELE0446,ALT,329,5002.G,D02 – APP aydınlatma-priz panosu T09/APP/001 (IP54),adet,1,,,,,,,
ELE0447,ALT,329,5002.G,D02 – AUP UPS aydınlatma panosu,adet,1,,,,,,,
ELE0448,ALT,329,5002.G,D02 – UPS 20 kVA 3F/3F + by-pass (trafo merkezi UPSi),adet,1,,,,,,,
ELE0449,ALT,329,5002.G,D02 – UPS akü grubu VRLA 2 saat otonomi (20 kVA) – 40×12V 150Ah blok (480 V DC) + akü kabini,takım,1,,,,,,,
ELE0450,ALT,329,5002.G,"D02 – N2XH 3x2,5 linye + sorti (aydınlatma+priz)",m,422,,,,,,,
ELE0451,ALT,329,5002.G,D02 – N2XH 4x4 priz linyesi,m,43,,,,,,,
ELE0452,ALT,329,5002.G,D02 – Yıldırımdan korunma tesisatı (çatı ağı/yakalama ucu + iniş iletkenleri),set,1,,,,,,,
ELE0453,ALT,329,5002.G,D03 – Sıva üstü 30W ortam korumalı LED armatür (IP65),adet,36,,,,,,,
ELE0454,ALT,329,5002.G,"D03 – Anahtar 4 (3 mahal, yıkama holü 2) + kendinden bataryalı acil armatür 4 (dış kapılar)",adet,11,,,,,,,
ELE0455,ALT,329,5002.G,D03 – Monofaze etanj priz,adet,3,,,,,,,
ELE0456,ALT,329,5002.G,D03 – Trifaze/kombine priz kutusu (yıkama alanı IP67),adet,2,,,,,,,
ELE0457,ALT,329,5002.G,"D03 – N2XH 3x2,5 / 5x2,5 linye + sorti",m,341,,,,,,,
ELE0458,ALT,329,5002.G,D05 – Lineer etanj/sıva üstü LED armatür (depo holleri),adet,34,,,,,,,
ELE0459,ALT,329,5002.G,D05 – 60x60 LED panel + spot (idari çekirdek WC soyunma),adet,17,,,,,,,
ELE0460,ALT,329,5002.G,"D05 – Acil kitli armatür (E.L., yukarıdaki armatürlere entegre batarya kiti) + acil çıkış 1x8W",adet,25,,,,,,,
ELE0461,ALT,329,5002.G,D05 – Anahtar (adi/ortam korumalı/komütatör),adet,18,,,,,,,
ELE0462,ALT,329,5002.G,D05 – Monofaze/etanj priz + kombine priz,adet,33,,,,,,,
ELE0463,ALT,329,5002.G,D05 – APP/Z01 + AUP/Z01 tali panolar,adet,2,,,,,,,
ELE0464,ALT,329,5002.G,"D05 – N2XH 3x2,5 (+FE180) linye + sorti",m,693,,,,,,,
ELE0465,ALT,329,5002.G,D06 – Sıva üstü 30W ortam korumalı LED armatür (IP65),adet,25,,,,,,,
ELE0466,ALT,329,5002.G,D06 – Kendinden bataryalı acil armatür + ortam korumalı anahtar,adet,6,,,,,,,
ELE0467,ALT,329,5002.G,D06 – Monofaze etanj priz,adet,6,,,,,,,
ELE0468,ALT,329,5002.G,D06 – D06-SDP-001 aydınlatma-priz + mekanik tali panosu,adet,1,,,,,,,
ELE0469,ALT,329,5002.G,"D06 – NHXMH/N2XH 3x2,5 linye + sorti",m,173.25,,,,,,,
ELE0470,ALT,329,5002.G,D07 – 13W LED armatür (60x60/spot),adet,15,,,,,,,
ELE0471,ALT,329,5002.G,D07 – 30W LED armatür,adet,3,,,,,,,
ELE0472,ALT,329,5002.G,D07 – Monofaze priz,adet,8,,,,,,,
ELE0473,ALT,329,5002.G,D07 – Anahtar + acil armatür,adet,6,,,,,,,
ELE0474,ALT,329,5002.G,D07 – APP aydınlatma-priz panosu D07-APP-001,adet,1,,,,,,,
ELE0475,ALT,329,5002.G,"D07 – NHXMH 3x2,5 linye + sorti",m,118.25,,,,,,,
ELE0476,ANA,330,5002.H,Depo Çevre AG Tesisatı ve Aydınlatma Sistemi,set,1,1,,,,,,
ELE0477,ALT,330,5002.H,15 m galvaniz kaplı çelik aydınlatma direği (projektör taşıyıcı başlıklı),adet,20,,,,,,,
ELE0478,ALT,330,5002.H,150W LED projektör (asimetrik IP66),adet,156,,,,,,,
ELE0479,ALT,330,5002.H,"Direk dibi sigorta/klemens kutusu IP66 (projektör başı otomatik sigorta, U klemens)",adet,20,,,,,,,
ELE0480,ALT,330,5002.H,ÇAP101 çevre aydınlatma panosu (IP66 astronomik zaman rölesi kontaktör RCBO),adet,1,,,,,,,
ELE0481,ALT,330,5002.H,"Direk içi projektör besleme kablosu NYY 3x2,5 mm²",m,3432,,,,,,,
ELE0482,ALT,330,5002.H,Direkler arası yeraltı besleme kablosu NYY/N2XY 4x16 mm² (çelik zırhlı),m,1358,,,,,,,
ELE0483,ALT,330,5002.H,Çıplak örgülü bakır toprak iletkeni 50 mm² (direkler arası),m,1358,,,,,,,
ELE0484,ALT,330,5002.H,"Bakır topraklama çubuğu 1,5 m (her direkte 1)",adet,20,,,,,,,
ELE0485,ALT,330,5002.H,Dikkat Ölüm Tehlikesi levhası,adet,20,,,,,,,
ELE0486,ANA,331,5002.I,Hat Trafo Binaları Alçak Gerilim Tesisatı ve Aydınlatma Sistemi,set,4,1,,,,,,
ELE0487,ALT,331,5002.I,Sıva üstü 30W ortam korumalı LED armatür (IP65),adet,37,,,,,,,
ELE0488,ALT,331,5002.I,60W LED armatür/projektör (bina dışı),adet,6,,,,,,,
ELE0489,ALT,331,5002.I,Acil çıkış yönlendirme LED 1x8W,adet,2,,,,,,,
ELE0490,ALT,331,5002.I,Kendinden bataryalı acil aydınlatma armatürü,adet,6,,,,,,,
ELE0491,ALT,331,5002.I,Ortam korumalı anahtar,adet,8,,,,,,,
ELE0492,ALT,331,5002.I,Monofaze topraklı priz 16A,adet,10,,,,,,,
ELE0493,ALT,331,5002.I,Trifaze/kombine priz kutusu (4x4 linye),adet,3,,,,,,,
ELE0494,ALT,331,5002.I,UPS prizi (elektronik ekipman odası),adet,2,,,,,,,
ELE0495,ALT,331,5002.I,APP aydınlatma-priz panosu T00/APP/001 (IP54 3F 25A 15 çıkış),adet,1,,,,,,,
ELE0496,ALT,331,5002.I,UPS 10 kVA 3F/3F online + by-pass (trafo merkezi UPSi),adet,1,,,,,,,
ELE0497,ALT,331,5002.I,UPS akü grubu VRLA 2 saat otonomi (10 kVA) – 32×12V 100Ah blok (384 V DC) + akü kabini,takım,1,,,,,,,
ELE0498,ALT,331,5002.I,"N2XH 3x2,5 aydınlatma+priz linye + sorti",m,562,,,,,,,
ELE0499,ALT,331,5002.I,N2XH 4x4 priz linyesi,m,58,,,,,,,
ELE0500,ALT,331,5002.I,Yıldırımdan korunma tesisatı,set,1,,,,,,,
ELE0501,ANA,332,5002.J,Hatboyu Ag Tesisatı ve Aydınlatma Sistemi,set,1,1,,,,,,
ELE0502,ALT,332,5002.J,Hatboyu aydınlatma – hat ekseninden ödeme uzunluğu,m,6560,,,,,,,
ELE0503,ALT,332,5002.J,152W LED yol aydınlatma armatürü (IP66 projektör tipi),adet,736,,,,,,,
ELE0504,ALT,332,5002.J,12 m galvaniz çelik poligon aydınlatma direği tek konsollu (IP66 müdahale kapaklı),adet,566,,,,,,,
ELE0505,ALT,332,5002.J,Direk içi sigorta + U klemens kutusu (armatür başı otomatik sigorta),adet,736,,,,,,,
ELE0506,ALT,332,5002.J,"Direk içi armatür besleme kablosu NYY 3x2,5",m,10522,,,,,,,
ELE0507,ALT,332,5002.J,Dikkat Ölüm Tehlikesi direk levhası,adet,566,,,,,,,
ELE0508,ALT,332,5002.J,"AP aydınlatma panosu (IP65 harici, aktif sokak sayacı RS-485, astronomik zaman rölesi, TMŞ 4x40A, KAR 300/30mA, 3 linye + yedek)",adet,11,,,,,,,
ELE0509,ALT,332,5002.J,NAYY 4x16 mm² direkler arası besleme kablosu,m,4342,,,,,,,
ELE0510,ALT,332,5002.J,NAYY 4x25 mm² direkler arası besleme kablosu,m,9923,,,,,,,
ELE0511,ALT,332,5002.J,NAYY 4x35 mm² direkler arası besleme kablosu,m,6409,,,,,,,
ELE0512,ALT,332,5002.J,Örgülü toprak iletkeni (cetvel: 95 mm² çelik örgülü / 35 mm² Al – şartname: çıplak örgülü bakır),m,20672,,,,,,,
ELE0513,ALT,332,5002.J,Galvaniz topraklama elektrodu 65x65x7 h=2 m,adet,260,,,,,,,
ELE0514,ANA,333,5003,Yangın İhbar ve Kontrol Sistemi Tasarımı,set,1,1,,,,,,
ELE0515,ALT,333,5003,"İstasyon yangın ihbar projeleri (6 istasyon – kesin projede yok, sıfırdan)",set,1,,,,,,,
ELE0516,ALT,333,5003,Depo sahası binaları yangın algılama uygulama projeleri (D01 D02 D03 D05 D06 D07),set,1,,,,,,,
ELE0517,ALT,333,5003,Hat trafo binaları yangın algılama projeleri (T00 ×4),set,1,,,,,,,
ELE0518,ALT,333,5003,"TCC merkezi izleme – ağ topolojisi, arayüz (SCADA TCC) ve senaryo/sebep-sonuç matrisleri",set,1,,,,,,,
ELE0519,ALT,333,5003,"Tasarım el kitapları, dokümantasyon ve as-built",set,1,,,,,,,
ELE0520,ANA,334,5004.A,Göbekli Tepe İstasyonu Yangın İhbar ve Kontrol Sistemi,set,1,1,7,50104.42,57019.91,79874.03,,2413.22
ELE0521,ALT,334,5004.A,Adresli yangın alarm paneli 1-2 loop (akülü 24V) + network kartı,adet,1,,,,,,,
ELE0522,ALT,334,5004.A,Optik duman dedektörü (adresli),adet,8,,3,26.33,36.39,57.03,36.39,
ELE0523,ALT,334,5004.A,Isı dedektörü (adresli),adet,3,,1,22.97,22.97,22.97,22.97,
ELE0524,ALT,334,5004.A,Işın tipi duman dedektörü (alıcı-verici) – peron kanopisi altı,çift,3,,1,569.42,569.42,569.42,569.42,
ELE0525,ALT,334,5004.A,Yangın ihbar butonu (adresli IP67 harici),adet,11,,,,,,,
ELE0526,ALT,334,5004.A,Flaşörlü siren (adresli harici IP65),adet,6,,1,31.32,31.32,31.32,31.32,
ELE0527,ALT,334,5004.A,Giriş-çıkış modülü IOM,adet,4,,1,39.24,39.24,39.24,39.24,
ELE0528,ALT,334,5004.A,İzolatör modülü,adet,4,,,,,,,
ELE0529,ALT,334,5004.A,"Yangına dayanıklı çevrim kablosu JE-H(St)H FE180 2x2x0,8",m,801,,,,,,,
ELE0530,ALT,334,5004.A,"Siren ve ışın dedektörü 24V besleme N2XH FE180 2x1,5",m,344,,,,,,,
ELE0531,ALT,334,5004.A,HF spiral boru / kroşe / harici HDPE koruma,m,801,,,,,,,
ELE0532,ALT,334,5004.A,TCC/SCADA ağına bağlantı arayüzü (fiber/ethernet ara birim),adet,1,,,,,,,
ELE0533,ALT,334,5004.A,"Programlama, sebep-sonuç senaryosu, test ve devreye alma",set,1,,,,,,,
ELE0534,ANA,335,5004.B,Hızmalı Köprüsü İstasyonu Yangın İhbar ve Kontrol Sistemi,set,1,1,,,,,,2246.58
ELE0535,ALT,335,5004.B,Adresli yangın alarm paneli 1-2 loop (akülü 24V) + network kartı,adet,1,,,,,,,
ELE0536,ALT,335,5004.B,Optik duman dedektörü (adresli),adet,12,,3,26.33,36.39,57.03,36.39,
ELE0537,ALT,335,5004.B,Isı dedektörü (adresli),adet,6,,1,22.97,22.97,22.97,22.97,
ELE0538,ALT,335,5004.B,Işın tipi duman dedektörü (alıcı-verici) – peron kanopisi altı,çift,2,,1,569.42,569.42,569.42,569.42,
ELE0539,ALT,335,5004.B,Yangın ihbar butonu (adresli IP67 harici),adet,11,,,,,,,
ELE0540,ALT,335,5004.B,Flaşörlü siren (adresli harici IP65),adet,7,,1,31.32,31.32,31.32,31.32,
ELE0541,ALT,335,5004.B,Giriş-çıkış modülü IOM,adet,8,,1,39.24,39.24,39.24,39.24,
ELE0542,ALT,335,5004.B,İzolatör modülü,adet,4,,,,,,,
ELE0543,ALT,335,5004.B,"Yangına dayanıklı çevrim kablosu JE-H(St)H FE180 2x2x0,8",m,687,,,,,,,
ELE0544,ALT,335,5004.B,"Siren ve ışın dedektörü 24V besleme N2XH FE180 2x1,5",m,301,,,,,,,
ELE0545,ALT,335,5004.B,HF spiral boru / kroşe / harici HDPE koruma,m,687,,,,,,,
ELE0546,ALT,335,5004.B,TCC/SCADA ağına bağlantı arayüzü (fiber/ethernet ara birim),adet,1,,,,,,,
ELE0547,ALT,335,5004.B,"Programlama, sebep-sonuç senaryosu, test ve devreye alma",set,1,,,,,,,
ELE0548,ANA,336,5004.C,Balıklıgöl İstasyonu Yangın İhbar ve Kontrol Sistemi,set,1,1,,,,,,2246.58
ELE0549,ALT,336,5004.C,Adresli yangın alarm paneli 1-2 loop (akülü 24V) + network kartı,adet,1,,,,,,,
ELE0550,ALT,336,5004.C,Optik duman dedektörü (adresli),adet,12,,3,26.33,36.39,57.03,36.39,
ELE0551,ALT,336,5004.C,Isı dedektörü (adresli),adet,6,,1,22.97,22.97,22.97,22.97,
ELE0552,ALT,336,5004.C,Işın tipi duman dedektörü (alıcı-verici) – peron kanopisi altı,çift,2,,1,569.42,569.42,569.42,569.42,
ELE0553,ALT,336,5004.C,Yangın ihbar butonu (adresli IP67 harici),adet,11,,,,,,,
ELE0554,ALT,336,5004.C,Flaşörlü siren (adresli harici IP65),adet,7,,1,31.32,31.32,31.32,31.32,
ELE0555,ALT,336,5004.C,Giriş-çıkış modülü IOM,adet,8,,1,39.24,39.24,39.24,39.24,
ELE0556,ALT,336,5004.C,İzolatör modülü,adet,4,,,,,,,
ELE0557,ALT,336,5004.C,"Yangına dayanıklı çevrim kablosu JE-H(St)H FE180 2x2x0,8",m,687,,,,,,,
ELE0558,ALT,336,5004.C,"Siren ve ışın dedektörü 24V besleme N2XH FE180 2x1,5",m,301,,,,,,,
ELE0559,ALT,336,5004.C,HF spiral boru / kroşe / harici HDPE koruma,m,687,,,,,,,
ELE0560,ALT,336,5004.C,TCC/SCADA ağına bağlantı arayüzü (fiber/ethernet ara birim),adet,1,,,,,,,
ELE0561,ALT,336,5004.C,"Programlama, sebep-sonuç senaryosu, test ve devreye alma",set,1,,,,,,,
ELE0562,ANA,337,5004.D,Eyüp Peygamber İstasyonu Yangın İhbar ve Kontrol Sistemi,set,1,1,,,,,,2246.58
ELE0563,ALT,337,5004.D,Adresli yangın alarm paneli 1-2 loop (akülü 24V) + network kartı,adet,1,,,,,,,
ELE0564,ALT,337,5004.D,Optik duman dedektörü (adresli),adet,12,,3,26.33,36.39,57.03,36.39,
ELE0565,ALT,337,5004.D,Isı dedektörü (adresli),adet,6,,1,22.97,22.97,22.97,22.97,
ELE0566,ALT,337,5004.D,Işın tipi duman dedektörü (alıcı-verici) – peron kanopisi altı,çift,2,,1,569.42,569.42,569.42,569.42,
ELE0567,ALT,337,5004.D,Yangın ihbar butonu (adresli IP67 harici),adet,11,,,,,,,
ELE0568,ALT,337,5004.D,Flaşörlü siren (adresli harici IP65),adet,7,,1,31.32,31.32,31.32,31.32,
ELE0569,ALT,337,5004.D,Giriş-çıkış modülü IOM,adet,8,,1,39.24,39.24,39.24,39.24,
ELE0570,ALT,337,5004.D,İzolatör modülü,adet,4,,,,,,,
ELE0571,ALT,337,5004.D,"Yangına dayanıklı çevrim kablosu JE-H(St)H FE180 2x2x0,8",m,687,,,,,,,
ELE0572,ALT,337,5004.D,"Siren ve ışın dedektörü 24V besleme N2XH FE180 2x1,5",m,301,,,,,,,
ELE0573,ALT,337,5004.D,HF spiral boru / kroşe / harici HDPE koruma,m,687,,,,,,,
ELE0574,ALT,337,5004.D,TCC/SCADA ağına bağlantı arayüzü (fiber/ethernet ara birim),adet,1,,,,,,,
ELE0575,ALT,337,5004.D,"Programlama, sebep-sonuç senaryosu, test ve devreye alma",set,1,,,,,,,
ELE0576,ANA,338,5004.E,Rasathane İstasyonu Yangın İhbar ve Kontrol Sistemi,set,1,1,,,,,,2246.58
ELE0577,ALT,338,5004.E,Adresli yangın alarm paneli 1-2 loop (akülü 24V) + network kartı,adet,1,,,,,,,
ELE0578,ALT,338,5004.E,Optik duman dedektörü (adresli),adet,12,,3,26.33,36.39,57.03,36.39,
ELE0579,ALT,338,5004.E,Isı dedektörü (adresli),adet,6,,1,22.97,22.97,22.97,22.97,
ELE0580,ALT,338,5004.E,Işın tipi duman dedektörü (alıcı-verici) – peron kanopisi altı,çift,2,,1,569.42,569.42,569.42,569.42,
ELE0581,ALT,338,5004.E,Yangın ihbar butonu (adresli IP67 harici),adet,11,,,,,,,
ELE0582,ALT,338,5004.E,Flaşörlü siren (adresli harici IP65),adet,7,,1,31.32,31.32,31.32,31.32,
ELE0583,ALT,338,5004.E,Giriş-çıkış modülü IOM,adet,8,,1,39.24,39.24,39.24,39.24,
ELE0584,ALT,338,5004.E,İzolatör modülü,adet,4,,,,,,,
ELE0585,ALT,338,5004.E,"Yangına dayanıklı çevrim kablosu JE-H(St)H FE180 2x2x0,8",m,687,,,,,,,
ELE0586,ALT,338,5004.E,"Siren ve ışın dedektörü 24V besleme N2XH FE180 2x1,5",m,301,,,,,,,
ELE0587,ALT,338,5004.E,HF spiral boru / kroşe / harici HDPE koruma,m,687,,,,,,,
ELE0588,ALT,338,5004.E,TCC/SCADA ağına bağlantı arayüzü (fiber/ethernet ara birim),adet,1,,,,,,,
ELE0589,ALT,338,5004.E,"Programlama, sebep-sonuç senaryosu, test ve devreye alma",set,1,,,,,,,
ELE0590,ANA,339,5004.F,Harran İstasyonu Yangın İhbar ve Kontrol Sistemi,set,1,1,,,,,,1502.8
ELE0591,ALT,339,5004.F,Adresli yangın alarm paneli 1-2 loop (akülü 24V) + network kartı,adet,1,,,,,,,
ELE0592,ALT,339,5004.F,Optik duman dedektörü (adresli),adet,4,,3,26.33,36.39,57.03,36.39,
ELE0593,ALT,339,5004.F,Isı dedektörü (adresli),adet,2,,1,22.97,22.97,22.97,22.97,
ELE0594,ALT,339,5004.F,Işın tipi duman dedektörü (alıcı-verici) – peron kanopisi altı,çift,2,,1,569.42,569.42,569.42,569.42,
ELE0595,ALT,339,5004.F,Yangın ihbar butonu (adresli IP67 harici),adet,6,,,,,,,
ELE0596,ALT,339,5004.F,Flaşörlü siren (adresli harici IP65),adet,3,,1,31.32,31.32,31.32,31.32,
ELE0597,ALT,339,5004.F,Giriş-çıkış modülü IOM,adet,2,,1,39.24,39.24,39.24,39.24,
ELE0598,ALT,339,5004.F,İzolatör modülü,adet,2,,,,,,,
ELE0599,ALT,339,5004.F,"Yangına dayanıklı çevrim kablosu JE-H(St)H FE180 2x2x0,8",m,258,,,,,,,
ELE0600,ALT,339,5004.F,"Siren ve ışın dedektörü 24V besleme N2XH FE180 2x1,5",m,172,,,,,,,
ELE0601,ALT,339,5004.F,HF spiral boru / kroşe / harici HDPE koruma,m,258,,,,,,,
ELE0602,ALT,339,5004.F,TCC/SCADA ağına bağlantı arayüzü (fiber/ethernet ara birim),adet,1,,,,,,,
ELE0603,ALT,339,5004.F,"Programlama, sebep-sonuç senaryosu, test ve devreye alma",set,1,,,,,,,
ELE0604,ANA,340,5004.G,Depo Sahası ve Tesisleri Yangın İhbar ve Kontrol Sistemi,set,1,1,,,,,,3379.49
ELE0605,ALT,340,5004.G,"D01 – Ana yangın alarm santrali MFAP analog adresli 5 çevrimli (network, yazıcı, akü 2x12V 24Ah, 24V PSU)",adet,1,,,,,,,
ELE0606,ALT,340,5004.G,D01 – Kontrol odası tekrarlayıcı/PC + yazıcı (MFAP arayüzü),takım,1,,,,,,,
ELE0607,ALT,340,5004.G,D01 – Analog adresli optik duman dedektörü,adet,56,,,,,,,
ELE0608,ALT,340,5004.G,D01 – Analog adresli optik duman dedektörü – asma tavan (uzak ikaz lambalı),adet,47,,,,,,,
ELE0609,ALT,340,5004.G,D01 – Analog adresli kombine (optik+ısı) dedektör,adet,13,,,,,,,
ELE0610,ALT,340,5004.G,D01 – Adresli sıcaklık dedektörü (sabit+artış),adet,4,,,,,,,
ELE0611,ALT,340,5004.G,D01 – Gaz dedektörü (220V AC beslemeli),adet,4,,,,,,,
ELE0612,ALT,340,5004.G,"D01 – Işın tipi duman dedektörü (alıcı+verici, 24V DC)",çift,7,,,,,,,
ELE0613,ALT,340,5004.G,D01 – Lineer ısı dedektörü LHD + kontrol kutusu (elektrik şaftı),takım,2,,,,,,,
ELE0614,ALT,340,5004.G,D01 – Adresli yangın alarm butonu,adet,29,,,,,,,
ELE0615,ALT,340,5004.G,D01 – Korna modülü SCM,adet,13,,,,,,,
ELE0616,ALT,340,5004.G,D01 – Flaşörlü siren (SCM çıkışlı konvansiyonel),adet,34,,,,,,,
ELE0617,ALT,340,5004.G,D01 – Adresli giriş/çıkış modülü I/OM,adet,30,,,,,,,
ELE0618,ALT,340,5004.G,D01 – Röle kontrol modülü RKM,adet,10,,,,,,,
ELE0619,ALT,340,5004.G,D01 – İzolatör modülü,adet,12,,,,,,,
ELE0620,ALT,340,5004.G,"D01 – Yangın algılama çevrim kablosu JE-H(St)H 1x2x0,8+0,8 halojensiz (FE180)",m,1715,,,,,,,
ELE0621,ALT,340,5004.G,"D01 – Korna/flaşör hattı kablosu 1x2x0,8+0,8 (FE180)",m,558,,,,,,,
ELE0622,ALT,340,5004.G,"D01 – 24V DC besleme N2XH FE180 2x1,5 / 3x1,5 (SCM ışın dedektörleri)",m,587,,,,,,,
ELE0623,ALT,340,5004.G,"D01 – 220V AC besleme N2XH FE180 2x1,5 (gaz dedektörleri)",m,108,,,,,,,
ELE0624,ALT,340,5004.G,"D01 – Haberleşme kablosu J-SIH(St)H FE180 2x1,5+0,8 (MFAP→D02 D03 D06 panelleri)",m,756,,,,,,,
ELE0625,ALT,340,5004.G,D01 – HF spiral boru / kroşe (çevrim kablosu),m,1286,,,,,,,
ELE0626,ALT,340,5004.G,D02 – Adresli yangın alarm paneli T09/FDS/YAP/001 (akülü),adet,1,,,,,,,
ELE0627,ALT,340,5004.G,D02 – Kombine/optik adresli dedektör,adet,24,,,,,,,
ELE0628,ALT,340,5004.G,D02 – Yangın alarm butonu IP67,adet,3,,,,,,,
ELE0629,ALT,340,5004.G,D02 – Flaşörlü elektronik siren 95 dBA,adet,4,,,,,,,
ELE0630,ALT,340,5004.G,D02 – İzolatör modülü,adet,4,,,,,,,
ELE0631,ALT,340,5004.G,"D02 – Çevrim kablosu JE-H(St)H 1x2x0,8 + korna hattı N2XH FE180 3x1,5",m,252,,,,,,,
ELE0632,ALT,340,5004.G,D03 – Adresli yangın alarm paneli D03/YAP/01,adet,1,,1,3379.49,3379.49,3379.49,3379.49,
ELE0633,ALT,340,5004.G,D03 – Isı dedektörü (yıkama holü) + optik dedektör,adet,4,,,,,,,
ELE0634,ALT,340,5004.G,D03 – Yangın alarm butonu + giriş/çıkış modülü,adet,3,,,,,,,
ELE0635,ALT,340,5004.G,D03 – Flaşörlü siren (D01 SKM2 K6/K7 çıkışlarından),adet,3,,,,,,,
ELE0636,ALT,340,5004.G,D03 – Çevrim + siren kablosu,m,212,,,,,,,
ELE0637,ALT,340,5004.G,D05 – Kombine (optik+ısı) adresli dedektör,adet,11,,,,,,,
ELE0638,ALT,340,5004.G,D05 – Optik duman dedektörü,adet,8,,,,,,,
ELE0639,ALT,340,5004.G,D05 – Yangın alarm butonu,adet,4,,,,,,,
ELE0640,ALT,340,5004.G,D05 – Korna modülü SCM + flaşörlü siren,adet,5,,,,,,,
ELE0641,ALT,340,5004.G,D05 – İzolatör,adet,1,,,,,,,
ELE0642,ALT,340,5004.G,D05 – Çevrim kablosu (D01 MFAP çevrimine bağlı – ayrı panel yok) + siren/24V hatları,m,1070,,,,,,,
ELE0643,ALT,340,5004.G,D06 – Adresli yangın alarm paneli D06/YAP/02,adet,1,,,,,,,
ELE0644,ALT,340,5004.G,D06 – Isı dedektörü,adet,6,,,,,,,
ELE0645,ALT,340,5004.G,D06 – Buton + I/O modülü + korna modülü + siren,adet,4,,,,,,,
ELE0646,ALT,340,5004.G,D06 – Çevrim + siren kablosu,m,72,,,,,,,
ELE0647,ALT,340,5004.G,D07 – Optik dedektör 2 + buton 1 + flaşörlü siren 1 + izolatör 1 (D01 MFAP çevrimine),adet,7,,,,,,,
ELE0648,ALT,340,5004.G,D07 – Çevrim kablosu + HF boru,m,421,,,,,,,
ELE0649,ALT,340,5004.G,"Tüm depo binaları – programlama, sebep-sonuç senaryoları, SCADA arayüzü, test ve devreye alma",set,1,,,,,,,
ELE0650,ANA,341,5004.H,Hat Trafo Binaları Yangın İhbar ve Kontrol Sistemi,set,4,1,,,,,,
ELE0651,ALT,341,5004.H,"Adresli yangın alarm paneli T00/FDS/YAP/001 (akülü, network kartı)",adet,1,,,,,,,
ELE0652,ALT,341,5004.H,Kombine optik-duman-sıcaklık / optik adresli dedektör,adet,16,,,,,,,
ELE0653,ALT,341,5004.H,Yangın alarm butonu IP67,adet,3,,,,,,,
ELE0654,ALT,341,5004.H,Flaşörlü elektronik siren 95 dBA,adet,4,,,,,,,
ELE0655,ALT,341,5004.H,İzolatör modülü,adet,4,,,,,,,
ELE0656,ALT,341,5004.H,"Adresli giriş/çıkış modülü (UPS/ADP/DC arıza, kapı, SCADA)",adet,2,,,,,,,
ELE0657,ALT,341,5004.H,"Çevrim kablosu JE-H(St)H 1x2x0,8+0,8 FE180",m,149,,,,,,,
ELE0658,ALT,341,5004.H,"Korna-flaşör besleme N2XH FE180 3x1,5",m,43,,,,,,,
ELE0659,ALT,341,5004.H,HF spiral boru / kroşe,m,149,,,,,,,
ELE0660,ALT,341,5004.H,TCC/SCADA ağ ara birimi (fiber media converter) + programlama/devreye alma,set,1,,,,,,,
ELE0661,ANA,342,5004.I,Yangın İhbar ve Kontrol Sistemi Merkezi Donanımı&Yazılımı,set,1,1,,,,,,
ELE0662,ALT,342,5004.I,Grafik yangın izleme ve yönetim yazılımı (TCC) + lisans (~17 panel düğümü),set,1,,,,,,,
ELE0663,ALT,342,5004.I,Operatör iş istasyonu (PC + 2 monitör) + olay yazıcısı,takım,1,,,,,,,
ELE0664,ALT,342,5004.I,TCC tekrarlayıcı (repeater) panel,adet,1,,,,,,,
ELE0665,ALT,342,5004.I,Panel network/haberleşme kartı (tüm uzak paneller için),adet,17,,,,,,,
ELE0666,ALT,342,5004.I,Fiber/ethernet ara birim (media converter) – hat boyu paneller için,adet,10,,,,,,,
ELE0667,ALT,342,5004.I,SCADA/BMS entegrasyon ağ geçidi (Modbus TCP/BACnet),adet,1,,,,,,,
ELE0668,ALT,342,5004.I,Merkez UPS prizi/rack yerleşimi (TCC UPS üzerinden),set,1,,,,,,,
ELE0669,ALT,342,5004.I,"Merkezi yazılım konfigürasyonu, senaryo programlama, entegrasyon testleri ve eğitim",set,1,,,,,,,
