firma,tarih,disiplin,sira,poz,kalem,birim,miktar,malzeme_bf,iscilik_bf,para_birimi,toplam,not
TK Elevator (TK Asansör),2026-10-02,ASANSOR,364,5010.A,"Asansör 13 kişi/1000 kg, 2 durak (zemin ±0,00 / üst geçit tabliyesi ~+7,46), MRL dişlisiz, DC beslemeli, VVVF, EN81-20/50/70/73, 1,0 m/s, cam+paslanmaz kabin — S09 Hızmalı Köprüsü üst geçidi",adet,3,24000,8000,EUR,96000,"Marka: TKE; PDF TR-2111355-R00: 12x32.000 + 1x30.200 = 414.200 EUR, malzeme+montaj+nakliye dahil, KDV hariç"
TK Elevator (TK Asansör),2026-10-02,ASANSOR,364,5010.A,"Asansör 13 kişi/1000 kg, 2 durak (zemin ±0,00 / üst geçit tabliyesi ~+7,46), MRL dişlisiz, DC beslemeli, VVVF, EN81-20/50/70/73, 1,0 m/s, cam+paslanmaz kabin — S10 Balıklıgöl üst geçidi",adet,3,24000,8000,EUR,96000,"Marka: TKE; PDF TR-2111355-R00: 12x32.000 + 1x30.200 = 414.200 EUR, malzeme+montaj+nakliye dahil, KDV hariç"
TK Elevator (TK Asansör),2026-10-02,ASANSOR,364,5010.A,"Asansör 13 kişi/1000 kg, 2 durak (zemin ±0,00 / üst geçit tabliyesi ~+7,46), MRL dişlisiz, DC beslemeli, VVVF, EN81-20/50/70/73, 1,0 m/s, cam+paslanmaz kabin — S11 Eyyüp Peygamber üst geçidi",adet,3,24000,8000,EUR,96000,"Marka: TKE; PDF TR-2111355-R00: 12x32.000 + 1x30.200 = 414.200 EUR, malzeme+montaj+nakliye dahil, KDV hariç"
TK Elevator (TK Asansör),2026-10-02,ASANSOR,364,5010.A,"Asansör 13 kişi/1000 kg, 2 durak (zemin ±0,00 / üst geçit tabliyesi ~+7,46), MRL dişlisiz, DC beslemeli, VVVF, EN81-20/50/70/73, 1,0 m/s, cam+paslanmaz kabin — S12 Rasathane üst geçidi",adet,3,24000,8000,EUR,96000,"Marka: TKE; PDF TR-2111355-R00: 12x32.000 + 1x30.200 = 414.200 EUR, malzeme+montaj+nakliye dahil, KDV hariç"
TK Elevator (TK Asansör),2026-10-02,ASANSOR,365,5010.B,"Asansör 10 kişi/800 kg, 2 durak (zemin/1. kat), MRL dişlisiz, DC beslemeli, VVVF, 1,0 m/s — D01 İdari Bina",adet,1,22650,7550,EUR,30200,"Marka: TKE; PDF TR-2111355-R00: 12x32.000 + 1x30.200 = 414.200 EUR, malzeme+montaj+nakliye dahil, KDV hariç"
Emlift (Elit İnşaat),2026-10-05,ASANSOR,364,5010.A,"Asansör 13 kişi/1000 kg, 2 durak (zemin ±0,00 / üst geçit tabliyesi ~+7,46), MRL dişlisiz, DC beslemeli, VVVF, EN81-20/50/70/73, 1,0 m/s, cam+paslanmaz kabin — S09 Hızmalı Köprüsü üst geçidi",adet,3,1500000,,TL,4500000,"Para birimi xlsx'te boş; PDF teklif 2026/E025 TL, KDV hariç (KDV %20 ayrı)"
Emlift (Elit İnşaat),2026-10-05,ASANSOR,364,5010.A,"Asansör 13 kişi/1000 kg, 2 durak (zemin ±0,00 / üst geçit tabliyesi ~+7,46), MRL dişlisiz, DC beslemeli, VVVF, EN81-20/50/70/73, 1,0 m/s, cam+paslanmaz kabin — S10 Balıklıgöl üst geçidi",adet,3,1500000,,TL,4500000,"Para birimi xlsx'te boş; PDF teklif 2026/E025 TL, KDV hariç (KDV %20 ayrı)"
Emlift (Elit İnşaat),2026-10-05,ASANSOR,364,5010.A,"Asansör 13 kişi/1000 kg, 2 durak (zemin ±0,00 / üst geçit tabliyesi ~+7,46), MRL dişlisiz, DC beslemeli, VVVF, EN81-20/50/70/73, 1,0 m/s, cam+paslanmaz kabin — S11 Eyyüp Peygamber üst geçidi",adet,3,1500000,,TL,4500000,"Para birimi xlsx'te boş; PDF teklif 2026/E025 TL, KDV hariç (KDV %20 ayrı)"
Emlift (Elit İnşaat),2026-10-05,ASANSOR,364,5010.A,"Asansör 13 kişi/1000 kg, 2 durak (zemin ±0,00 / üst geçit tabliyesi ~+7,46), MRL dişlisiz, DC beslemeli, VVVF, EN81-20/50/70/73, 1,0 m/s, cam+paslanmaz kabin — S12 Rasathane üst geçidi",adet,3,1500000,,TL,4500000,"Para birimi xlsx'te boş; PDF teklif 2026/E025 TL, KDV hariç (KDV %20 ayrı)"
Emlift (Elit İnşaat),2026-10-05,ASANSOR,365,5010.B,"Asansör 10 kişi/800 kg, 2 durak (zemin/1. kat), MRL dişlisiz, DC beslemeli, VVVF, 1,0 m/s — D01 İdari Bina",adet,1,1500000,,TL,1500000,"Para birimi xlsx'te boş; PDF teklif 2026/E025 TL, KDV hariç (KDV %20 ayrı)"
Mukan Rail,2026-10-05,SINYALIZASYON (AVLS),233,3002,"Arac ustu AVLS bilgisayari (EN 50155, min 48 kanal GPS alicisi, GSM/LTE modem, odometri girisi)",adet,15,7500,,EUR,112500,"Marka: Moxa / Advantech / Teltonika (EN 50155); Bütçesel; montaj birim fiyata dahil, işçilik sütunu boş"
Mukan Rail,2026-10-05,SINYALIZASYON (AVLS),233,3002,Entegre GSM/GPS cati anteni + anten kablosu,adet,15,1400,,EUR,21000,"Marka: Huber+Suhner / Antonics / Panorama (IP69K); Bütçesel; montaj birim fiyata dahil, işçilik sütunu boş"
Mukan Rail,2026-10-05,SINYALIZASYON (AVLS),233,3002,"Surucu HMI terminali (gecikme/sefer mesajlari, surucu-sefer no girisi) - her kabine 1",adet,30,3400,,EUR,102000,"Marka: Advantech / Moxa (EN 50155 dokunmatik); Bütçesel; montaj birim fiyata dahil, işçilik sütunu boş"
Mukan Rail,2026-10-05,SINYALIZASYON (AVLS),233,3002,"Arac ici arayuz: odometri/hiz, arac PIS/otomatik anons, sinyalizasyon paneli (arac/sefer no), kablaj ve montaj seti",set,15,2500,,EUR,37500,"Marka: MUKAN / Standart Araç Arayüz ve Montaj Kiti; Bütçesel; montaj birim fiyata dahil, işçilik sütunu boş"
Mukan Rail,2026-10-05,SINYALIZASYON (AVLS),233,3002,M2M data SIM / APN aktivasyonu (kurulum ve test donemi),adet,15,300,,EUR,4500,"Marka: Turkcell / Vodafone / Türk Telekom M2M; Firma notu: 12 ay kurulum ve test dönemi. İşletme aboneliği dahil değildir.; Bütçesel; montaj birim fiyata dahil, işçilik sütunu boş"
Mukan Rail,2026-10-05,SINYALIZASYON (AVLS),233,3002,Depo veri indirme/konfigurasyon kablosuz erisim noktasi (depo park ve atolye),adet,2,3500,,EUR,7000,"Marka: Moxa / Cisco / Aruba Endüstriyel Dış Ortam; Bütçesel; montaj birim fiyata dahil, işçilik sütunu boş"
Mukan Rail,2026-10-05,SINYALIZASYON (AVLS),233,3002,Hat boyu konum destegi: sinyalizasyon lup konum verisinin AVLS'ye aktarimi (ek saha donanimi yok),set,1,8500,,EUR,8500,"Marka: MUKAN AVLS Sinyalizasyon Lup Adaptörü; Firma notu: Araç üstü konum birleştirme payı. Merkez lup adaptörü Sıra 234 yazılım satırındadır.; Bütçesel; montaj birim fiyata dahil, işçilik sütunu boş"
Mukan Rail,2026-10-05,SINYALIZASYON (AVLS),233,3002,"Kurulum, arac bazli test ve devreye alma - AVLS saha/arac",set,1,26500,,EUR,26500,"Marka: MUKAN Saha ve Kurulum Ekibi; Bütçesel; montaj birim fiyata dahil, işçilik sütunu boş"
Mukan Rail,2026-10-05,SINYALIZASYON (AVLS),234,3003,AVLS sunucusu (sicak yedekli) - TCC cihaz odasi,adet,2,16000,,EUR,32000,"Marka: Dell / HPE / Lenovo (1U Çift PSU); Bütçesel; montaj birim fiyata dahil, işçilik sütunu boş"
Mukan Rail,2026-10-05,SINYALIZASYON (AVLS),234,3003,Veri kayit/arsiv depolama birimi (NAS/SAN),adet,1,8000,,EUR,8000,"Marka: Synology / QNAP (RAID); Bütçesel; montaj birim fiyata dahil, işçilik sütunu boş"
Mukan Rail,2026-10-05,SINYALIZASYON (AVLS),234,3003,AVLS operator is istasyonu + 21-24 in monitor + klavye + fare,takim,1,5500,,EUR,5500,"Marka: Dell / HP / Lenovo İş İstasyonu + 2x24""; Bütçesel; montaj birim fiyata dahil, işçilik sütunu boş"
Mukan Rail,2026-10-05,SINYALIZASYON (AVLS),234,3003,AVLS duvar monitoru 62-65 in (profesyonel 7/24) + duvar/ayak montaj aparati,adet,1,7500,,EUR,7500,"Marka: Samsung / LG Profesyonel Seri (65"" 7/24); Bütçesel; montaj birim fiyata dahil, işçilik sütunu boş"
Mukan Rail,2026-10-05,SINYALIZASYON (AVLS),234,3003,GSM/APN VPN router + firewall (yedekli),adet,2,5000,,EUR,10000,"Marka: Fortinet / Teltonika (Yedekli VPN); Bütçesel; montaj birim fiyata dahil, işçilik sütunu boş"
Mukan Rail,2026-10-05,SINYALIZASYON (AVLS),234,3003,AVLS LAN ethernet anahtari + patch/CAT6,adet,1,4000,,EUR,4000,"Marka: Moxa / Cisco / HPE (24 Port Yönetilebilir); Bütçesel; montaj birim fiyata dahil, işçilik sütunu boş"
Mukan Rail,2026-10-05,SINYALIZASYON (AVLS),234,3003,"AVLS merkezi yazilim + lisanslar (cizgisel hat haritasi, hiz asimi, gecikme, raporlama, geliş suresi hesabi, YBS ve sinyalizasyon lup arayuzu)",set,1,172500,,EUR,172500,"Marka: MUKAN AVLS Merkezi Yazılım Suite; Bütçesel; montaj birim fiyata dahil, işçilik sütunu boş"
Mukan Rail,2026-10-05,SINYALIZASYON (AVLS),234,3003,Belediye mevcut AVLS sistemine entegrasyon (yazilim revizyonu + fiziksel/mantiksal veri linki),set,1,19000,,EUR,19000,"Marka: MUKAN Entegrasyon ve Veri Linki Modülü; Firma notu: Açık arayüz ve bizim tarafımızdaki iş. Sağlayıcı lisansı ve karşı taraf revizyonu dahil değildir.; Bütçesel; montaj birim fiyata dahil, işçilik sütunu boş"
Mukan Rail,2026-10-05,SINYALIZASYON (AVLS),234,3003,19 in dolap icinde montaj (sinyalizasyon/haberlesme dolabi payi) + kablolama,set,1,4000,,EUR,4000,"Marka: 19"" Dolap İçi Montaj ve Dahili Kablolama; Firma notu: Dolap, UPS ve enerji dahil değildir. Yalnız dolap içi montaj ve kablolama.; Bütçesel; montaj birim fiyata dahil, işçilik sütunu boş"
Mukan Rail,2026-10-05,SINYALIZASYON (AVLS),234,3003,"Merkez kurulum, entegre test, egitim",set,1,52000,,EUR,52000,"Marka: MUKAN Saha ve Kurulum Ekibi; Bütçesel; montaj birim fiyata dahil, işçilik sütunu boş"
Mukan Rail,2026-10-05,SINYALIZASYON (AVLS),235,3004,"Sistem mimarisi, haberlesme altyapisi, veri iletim yapisi, sunucu ve ag topolojisi, yedeklilik senaryolari",set,1,47500,,EUR,47500,"Marka: MUKAN Tasarım & Mühendislik; Bütçesel; montaj birim fiyata dahil, işçilik sütunu boş"
Mukan Rail,2026-10-05,SINYALIZASYON (AVLS),235,3004,"Arac konumlandirma (GPS + odometri + sinyalizasyon lup fuzyonu) tasarimi, arac ustu ekipman yerlesim ve arac ureticisi koordinasyonu (15 arac)",set,1,26000,,EUR,26000,"Marka: MUKAN Tasarım & Mühendislik; Bütçesel; montaj birim fiyata dahil, işçilik sütunu boş"
Mukan Rail,2026-10-05,SINYALIZASYON (AVLS),235,3004,"Kontrol merkezi ekranlari, operator arayuzleri, alarm/raporlama senaryolari, veri kayit yapilari",set,1,21500,,EUR,21500,"Marka: MUKAN Tasarım & Mühendislik; Bütçesel; montaj birim fiyata dahil, işçilik sütunu boş"
Mukan Rail,2026-10-05,SINYALIZASYON (AVLS),235,3004,"Siber guvenlik gereksinimleri (GSM/APN, belediye mevcut AVLS baglantisi) ve entegrasyon prensipleri (sinyalizasyon, YBS, anons, telsiz)",set,1,25000,,EUR,25000,"Marka: MUKAN Siber Güvenlik Tasarımı; Bütçesel; montaj birim fiyata dahil, işçilik sütunu boş"
Mukan Rail,2026-10-05,SINYALIZASYON (AVLS),235,3004,"Uygulama projeleri, tek hat/mimari semalar, yerlesim projeleri, teknik hesap ve raporlar, test senaryolari, revizyonlar",set,1,34000,,EUR,34000,"Marka: MUKAN Tasarım & Mühendislik; Bütçesel; montaj birim fiyata dahil, işçilik sütunu boş"
Schindler Türkeli,2026-10-01,ASANSOR,364,5010.A,"Asansör 13 kişi/1000 kg, 2 durak – 4 üst geçit × 3",adet,12,37000,dahil,USD,444000,Bakım ücreti dahil değildir (Excel eki)
Schindler Türkeli,2026-10-01,ASANSOR,365,5010.B,"Asansör 10 kişi/800 kg, 2 durak – D01 İdari Bina",adet,1,36000,dahil,USD,36000,Genel toplam 480.000 USD
ON Elektronik (RayON),2026-10-06,ELEKTRIK-HABERLESME,281–289,4011/4012,Merkezi saat sistemi (MSS) – kalem fiyatları Haberlesme sayfasında,set,1,,,EUR,81600,Kablolar ana yüklenicide; mevcut depo entegrasyonu 2.500 € (idare: mevcut sistem yok)
ON Elektronik (RayON),2026-10-06,ELEKTRIK-HABERLESME,310–317,4017/4018,"Yolcu bilgilendirme sistemi (YBS) – 24 adet 55"" dış ortam ekran, yazılım, tasarım",set,1,,,EUR,171000,Kablolar ana yüklenicide; mevcut depo entegrasyonu 11.000 € (idare: mevcut sistem yok)
Mitaş Endüstri,2026-10-06,KATENER,,2012,T1-A tipi katener direği (gövde),adet,114,746,hariç,USD,85044,"FCA Ankara, POLT-3709-R0"
Mitaş Endüstri,2026-10-06,KATENER,,2012,T1-A tipi ankraj şablonu,takım,114,226,hariç,USD,25764,FCA Ankara
Mitaş Endüstri,2026-10-06,KATENER,,2012,T2-B tipi katener direği (gövde),adet,17,956,hariç,USD,16252,"FCA Ankara, POLT-3709-R0"
Mitaş Endüstri,2026-10-06,KATENER,,2012,T2-B tipi ankraj şablonu,takım,17,425,hariç,USD,7225,FCA Ankara
Mitaş Endüstri,2026-10-06,KATENER,,2012,T2-B1 tipi katener direği (gövde),adet,4,860,hariç,USD,3440,"FCA Ankara, POLT-3709-R0"
Mitaş Endüstri,2026-10-06,KATENER,,2012,T2-B1 tipi ankraj şablonu,takım,4,426,hariç,USD,1704,FCA Ankara
Mitaş Endüstri,2026-10-06,KATENER,,2012,T3-D tipi katener direği (gövde),adet,33,1374,hariç,USD,45342,"FCA Ankara, POLT-3709-R0"
Mitaş Endüstri,2026-10-06,KATENER,,2012,T3-D tipi ankraj şablonu,takım,33,523,hariç,USD,17259,FCA Ankara
Mitaş Endüstri,2026-10-06,KATENER,,2012,T3-C tipi katener direği (gövde),adet,60,1361,hariç,USD,81660,"FCA Ankara, POLT-3709-R0"
Mitaş Endüstri,2026-10-06,KATENER,,2012,T3-C tipi ankraj şablonu,takım,60,523,hariç,USD,31380,FCA Ankara
Mitaş Endüstri,2026-10-06,KATENER,,2012,OPSİYON – toz boya (228 direğin tümü),set,1,45000,hariç,USD,45000,"FCA Ankara, POLT-3709-R0 opsiyon"
