thread_id,tarih,firma,kisi_email,disiplin,durum,tutar,para_birimi,kapsam_kalemler,birim_fiyatlar,ekler,not
1a0f6a34b62a9502,2026-10-01,Schindler Türkeli Asansör,mert.oglakkaya@schindler.com (Mert Can Oğlakkaya),ASANSOR,TEKLIF_EKTE,,,Sıra 364 (12 set üst geçit) + Sıra 365 (1 set idari bina) asansörleri – ön fiyat teklifi,,URF_1Etap_ASANSOR_Teklif_Talebi.xlsx,Gövdede tutar yok ('ön fiyat teklifimizi ekte'); fiyat doldurulmuş Excel'de. Kullanıcının bildirdiği 480.000 USD e-posta metninde geçmiyor
1a0f2542f3ae0b69,2026-10-02,TK Asansör (TK Elevator),betul.okay@tkelevator.com (Betül Okay); cc mert.kolayli@tkelevator.com,ASANSOR,TEKLIF_EKTE,,,12 üst geçit asansörü (anti vandal CAT-2) + idari bina asansörü,,TK ASANSÖR HALİLİYE EYYÜBİYE HAFİF RAYLI SİSTEM  FİYAT TEKLİFİ -R0.pdf; URF_1Etap_ASANSOR_Teklif_Talebi.xlsx,Gövde: '12 adet üst geçit asansörleri anti vandal CAT-2'ye göre tekliflendirilmiştir'. Tutar gövdede yok; kullanıcının bildirdiği 414.200 EUR PDF'te olmalı
1a0f6f3b591615dc,2026-10-05,Emlift Asansör,ismet@emlift.com (İsmet Sarı); cc selcuk@emlift.com,ASANSOR,TEKLIF_EKTE,,,12 adet 2 duraklı 13 kişilik + 1 adet idari bina asansörü,,URF_1Etap_ASANSOR_Teklif_Talebi.xlsx; ÖZVER İNŞAAT İDARİ BİNA.pdf; ÖZVER İNŞAAT 2 DURAK 12 ADET ASANSÖR.pdf,Gövde yalnızca 'İlgili dosyalar ekte yer almaktadır'
1a0f2abf76930ce3,2026-10-02,Edoux Asansör,salih@edoux.com (Salih),ASANSOR,VERECEK,,,Asansör paketi,,,Önce mimari proje istedi (SORU); Serhat ASANSOR_Ekler.zip linkini verdi; yanıt: 'İnşallah yetiştirmeye çalışacağız'
1a0fb57cf0828022,2026-10-02,AdakonLift (Orona Türkiye distribütörü),ersoy.kaptan@adakonlift.com (Ersoy Kaptan),ASANSOR,SORU,,,Asansör paketi,,,"Şartnamedeki yerli üretim / en az %80 yerli katkı şartı; sadece ithal ürün (Orona) önerebiliyor, şartnameden farklı uygulama sordu. Serhat: şart değişmez; sapmayı belirterek bütçesel ithal fiyat istedi (02.10). Yanıt yok"
1a0f255b95aa1488,2026-09-30,KONE Asansör,Musterihizmetleri@kone.com,ASANSOR,DIGER,,,Asansör paketi,,,"Müşteri hizmetleri iletişim bilgisi istedi, Serhat 30.09 cevapladı. Ayrıca 3 otomatik dosya no maili (Kc-47493420, Kc-47496026, Kc-47499695). Teklif yok"
1a0f2ab5274adfec,2026-10-02,TK Asansör (Adana bölge),ugurcan.turan@tkelevator.com (Uğurcan Turan),ASANSOR,DIGER,,,,,,Hatırlatma mailine boş yanıt (yalnız imza + jpeg görsel). Teklif Betül Okay üzerinden geldi
1a0f6dbffc21452a,2026-10-06,Mukan Rail / Contirail,berfin.akkus@mukan.com (Berfin Akkuş); e.tuncer@contirail.com (Erkan Tuncer),SINYAL,TEKLIF_EKTE,,,"Araç Takip Sistemi (AVLS): Sıra 233/Poz 3002, Sıra 234/Poz 3003, Sıra 235/Poz 3004",,MUKAN Rail Butcesel Teklif - Sanliurfa HRS 1 Etap AVLS 2026-1327584.pdf; MUKAN Rail Teknik Foy ve Marka Sinifi - Sanliurfa HRS 1 Etap AVLS 2026-1327584.pdf; URF_1Etap_SINYALIZASYON_Teklif_Cetveli_MUKAN_AVLS.xlsx,"02.10 E. Tuncer 11 teknik soru sordu (YBS kapsamı, belediye AVLS/API, 15 araç, lup arayüzü, sürücü/sefer no, 3 sn/10 sn güncelleme, SIM, dolap/UPS/switch, 2 sunucu+NAS, ticari koşullar, takvim); Serhat varsayımlarla cevapladı; Tuncer kabul etti. 06.10 bütçesel teklif ekte; gövdede tutar yok. Katener için teklif yok"
1a0f2fa4a8d13b23,2026-10-05,Alstom,"mehmet.gozde@alstomgroup.com (Mehmet Gözde); cc buket.akcora, duygu.kaymak",SINYAL,VERMIYOR,,,Sinyalizasyon + araç takip,,,"Detaylı çalışma için yeterli zaman yok, teklif sunamayacağız. Serhat 05.10 bütçesel (toplam/ana kalem) fiyat istedi; yanıt yok"
1a0f23796ab34439,2026-10-02,Savronik,melih.balcioglu@savronik.com.tr (Melih Balcıoğlu),SINYAL,VERMIYOR,,,Sinyalizasyon + araç takip,,,Teklif süresinin kısıtlı olması nedeniyle teklif vermeyecek. Serhat 02.10 bütçesel fiyat istedi; yanıt yok
1a0f6e127da209bc,2026-10-01,Hugotek,gokhan.akyol@hugotek.com.tr (Gökhan Akyol),SINYAL,VERECEK,,,Sinyalizasyon + araç takip,,,'Konu hakkında en kısa sürede sizlere ulaşmış olacağız' (net taahhüt değil)
1a0f6e4b1440966d,2026-10-01,İntetra,muhammed.alyuruk@intetra.com.tr (Muhammed Alyürük),SINYAL,YONLENDIRDI,,,Sinyalizasyon + araç takip,,,Mehmet Göktepe Bey dönüş yapacak; henüz yanıt yok
1a0f6e250f39e0d5,2026-10-01,Anadolu Trafik,ckeskin@anadolutrafik.com.tr (Cebrail Keskin),SINYAL,VERMIYOR,,,,,,Karayolu tünel ürünleri üretiyor; istenen ürünler yok
1a0f2f78faa840bf,2026-10-01,EHT Mühendislik,ahmet.ozipek@ehtmuhendislik.com (Ahmet Özipek),SINYAL,VERMIYOR,,,,,EHT MÜH TANITIM TR.pdf; design_guide_iecex_final.pdf,"Faaliyet alanına (ısıtma, makas ısıtıcı vb.) giren kalem yok"
1a0f2f9f89c610e7,2026-10-01,Elmak,reyhan.uzun@elmak.com.tr (Reyhan Uzun),SINYAL,VERMIYOR,,,,,,Otomasyon SCADA hizmeti veriyor; ilgili kapsamlar için çalışmaları yok
1a0f776fa4cd69f3,2026-10-01,Hanning & Kahl,Nico.Liesenfeld@hanning-kahl.com,SINYAL,DIGER,,,,,,Otomatik yanıt: 02.10.2026'ya kadar ofis dışı
1a0f2fe85ebf7c50,2026-10-01,Mitaş Endüstri,aozturk@mitasindustry.com (Ahmet Öztürk); cc polyurtici@,KATENER,VERECEK,,,"Katener direkleri Sıra 222-226: T1-A 114, T2-B 17, T2-B1 4, T3-D 33, T3-C 60 adet",,GUL-A-8-MONTAJ.PDF; GUL-B-8-MONTAJ.PDF; GUL-B1-8-MONTAJ.PDF; GUL-C-8-MONTAJ.PDF; GUL-D-8-MONTAJ.PDF,"İzmir projesi direk çizimleri ekte. C/D kendi çizimine, A/B/B1 proje taban plaklarına göre teklif çalışacak. S355 dikişli boru (dikişsizin ithal/pahalı olduğu, idareye dikişli boru belirtilmesi gerektiği); kesit kontrolü yapamıyorlar; ankraj bulonu ve direk başı kapağı detayı istedi. Serhat 01.10 cevapladı. Fiyat henüz yok"
1a0f2fc9cb01203f,2026-10-01,DeSA Temsilcilik (Arthur Flury),ilayda.coban@desa-trade.com (İlayda Çoban),KATENER,SORU,,,Seksiyon izolatörleri / nötr kesimler (Arthur Flury),,AF SI konfigürasyonu formu.pdf,"İzolatör seçim formu gönderdi; teknik değerlendirme sonrası fiyat verecek. Serhat 01.10 temel verileri (750 V DC, hız vb.) iletti; fiyat henüz yok"
1a0f2fde1116a6b9,2026-10-02,ER-BAKIR,syavasal@erbakir.com.tr (Sinem Yavaşal),KATENER,SORU,,,"Kontak teli 120 mm² Cu ETP, destek iletkeni 2x120 mm², 95 mm² örgülü esnek iletken, depo kontak teli",,,"İletken teknik detaylarını sordu (AC/BC tipi, ETP teyidi, standart, yapı; 3K120F000002 önerisi). Serhat 02.10 şartname bilgileriyle cevapladı"
1a0f6d707f92bb33,2026-10-05,Kambeton,gulce.ozyirmidokuz@kambeton.com.tr (Gülce Özyirmidokuz),KATENER,SORU,,,Katener direkleri,,,"'Teklif iletebilmemiz için direk tip ve adetlerinin net olması gerekmektedir.' Serhat 05.10: cetvelde net, teklif bekliyoruz"
1a0f6da399f39b62,2026-10-01,Doruk Grup Enerji,dorukgrupenerji@gmail.com,KATENER,VERMIYOR,,,,,,Üretim programı 2027 Mart'a kadar dolu
1a0f6feaa94b5e5d,2026-10-01,KAM A.Ş.,"sevdamacar@kam.com.tr (Sevda Macar, ENH Satış)",KATENER,VERMIYOR,,,,,,"'İstemiş olduğunuz ürünler üretim bandımızda bulunmamaktadır.' (Konu: 'kam aş'; hangi pakete yanıt olduğu belirtilmemiş, ENH satış – muhtemelen katener)"
1a0f2bc220032829,2026-09-30,Resa,serkan.atalar@resa.com.tr (Serkan Atalar),KATENER,VERMIYOR,,,Elektrik ve Katener,,,Projede birlikte çalıştığı iş ortakları olduğundan teklif vermeyecek
1a0f310d57ccb96e,2026-10-06,ON Elektronik (RayON),orhan@onelektronik.com (Orhan Aydın),HABERLESME,TEKLIF_EKTE,,,Yalnız Merkezi Saat Sistemi (MSS) ve Yolcu Bilgilendirme Sistemi (YBS) – üretici olarak,,RayOn_Urfa_HRS_MSS_Keşfi_06102026.xlsx; RayOn_Urfa_HRS_YBS_Keşfi_06102026.xlsx; Tanıtım.zip; RayON_Referanslar_2026.pdf,Bizim keşif üzerinden ilgili bölümler fiyatlandırılmış; tutar gövdede yok. Referans PDF'i ayrı FW mailiyle geldi
1a0fb6938c4f1aa7,2026-10-02,Teknomaks,taylan.akpinar@teknomaks.com (Taylan Akpınar),HABERLESME,YONLENDIRDI,,,CCTV / video güvenlik,,,Iqsight yönlendirmesi; Taylan Bey talebi Özgür Bey'e (bölge partneri) iletti; henüz teklif yok
1a0f6e513f2eff24,2026-10-01,Iqsight (eski Bosch/Keenfinity),Ogulcan.Yucel@iqsight.com (Oğulcan Yücel),HABERLESME,YONLENDIRDI,,,CCTV / güvenlik,,,Partnerler üzerinden; dağıtıcı Teknomaks (Taylan Akpınar)'a yönlendirdi
1a0f6e5e5bb74fb4,2026-10-01,Keenfinity,CustomerService.tr@keenfinity-group.com,HABERLESME,DIGER,,,,,,Otomatik yanıt: bu kutu okunmuyor
1a0f312243d12c16,2026-09-30,Atak Ulaşım,info@atakulasim.com (Halil Söyler),HABERLESME,DIGER,,,Yolcu bilgilendirme (YBS),,,Telefonla görüşmek istedi; Serhat 01.10 YBS kalemlerini (sıra 310 vb.) özetledi; sonrasında yanıt yok
1a0f3195d2c069d9,2026-09-30,Atılım Group,info@atilimteknoloji.net (Selam Menteş),HABERLESME,SORU,,,,,,"'İş sizin uhdenizde mi?' Serhat 30.09: ihaleye katılıyoruz, ihale 13.10.2026. Sonra yanıt yok"
1a0f316f6a5ba72f,2026-10-02,Teknim (→ Lev Mühendislik),satis4@teknim.com (Nurşen Ev),ELEKTRIK,YONLENDIRDI,,,Yangın ihbar,,,"Lev Mühendislik – Enver Ertik (enver.ertik@levmuhendislik.com, 0533 170 48 64)'e yönlendirdi; Serhat 02.10 Enver Bey'e RFQ gönderdi, Lev'den yanıt yok"
1a0fbbcf6cbac01c,2026-10-02,Alfanar,Goksu.Batir@alfanar.com (Göksu Batır); cc Mehmet.Kayabinar,ELEKTRIK,VERMIYOR,,,"34,5 kV OG hücreleri",,,"Önce SORU: '36kV RMU ürünlerimiz 630A 16kA/1s'dir. SLD'de ürünler 1250A isteniyor.' Serhat: metal clad 1250A 25kA gerekli. Sonra: uygun ürün yok, teklif vermeyecek. Serhat 02.10 RMU için bütçe istedi; yanıt yok"
1a0f2be18bba91c0,2026-10-02,BETAŞ (Best Transformer),sabri.mavizer@besttransformer.com (Sabri Mavizer),ELEKTRIK,YONLENDIRDI,,,Cer ve iç ihtiyaç trafoları,,BETAŞ Catalogue.pdf,Elektrik işleri faaliyet alanı dışı (154 kV+ EPC) → teklif yok; trafo için grup şirketi Gürkan Temel (gurkan.temel@besttransformer.com)'e yönlendirdi. Serhat 02.10 Gürkan Bey'e trafo RFQ gönderdi; yanıt yok
1a0f2b876151fbbc,2026-10-02,Tema Elektrik Sistemleri,info@temaelektriksistemleri.com (Mahmut Taş),ELEKTRIK,VERMIYOR,,,,,,4 firma daha irtibat kurduğu için etik gereği teklif değerlendirmeme kararı; ihale alınırsa uygulamada çalışmak ister. Serhat bütçesel birim fiyat istedi; yanıt yok
1a0f6e64d889a9fc,2026-10-02,Orest Teknoloji,iletisim@orestteknoloji.com (Seda Babacan),ELEKTRIK,SORU,,,Listedeki işler yapabilecekleri kapsamda,,,"Teklif verebilir ama 180 gün fiyat geçerliliğine çekince; iş başlangıcında güncel liste istedi. Serhat: kendi opsiyon/geçerlilik sürenizle verin, 07.10'a kadar"
1a0f2c49122cc567,2026-10-01,EVA Elektromekanik,satis4@evaelektromekanik.com (Feyza Cumalı),ELEKTRIK,VERMIYOR,,,OG hücreleri,,,Metal Clad hücre üretimi yok (yalnız Metal Enclosed)
1a0f2bcf98470520,2026-10-01,Eaton,DogukanSimsek@eaton.com (Doğukan Şimşek),ELEKTRIK,YONLENDIRDI,,,,,,Teklif ve satış ekibine yönlendirdi; sonrasında yanıt yok
1a0f29ce58557e6b,2026-10-01,DC Group,belgin@dcgroup.com.tr (Belgin Çevik),ELEKTRIK,VERMIYOR,,,Elektrik ve Mekanik,,,Metro/tramvay çalışmasına sıcak bakmıyorlar
1a0f31614352c082,2026-10-05,Protek,"info@protek.gen.tr; cc ridvan@, ali.akin@, ulas.eryildiz@protek.gen.tr",MEKANIK,SORU,,,"FM200 gazlı söndürme (5005.H, D01 elektrik/elektronik odaları; mekanik cetvel sıra 350)",,,"01.10: mekanik kapsamı/gazlı söndürme sordu (Serhat mekanik cetveli gönderdi). 05.10: '3 zon'un anlamı, oda hacimleri, 83 L silindire kaç kg gaz, tek silindir/3 panel mi, 3 selector vana mı' sordu; FM200 ile devam ekonomik dedi. Gövdede fiyat YOK. Serhat 05.10 cevapladı"
1a0f2d251e20bc8e,2026-10-03,Ekura,info@ekura.com.tr (Sezer Kartal),MEKANIK,VERECEK,,,Mekanik tesisat paketi,,,"Birkaç gün gecikmeyle gönderecek; zaman olsa tüm mekanik paketi (yürüyen merdiven, asansör, jeneratör dahil) bütçeleyebilir. Serhat en geç 09.10.2026 dedi"
1a0f2cc6cd9dfde9,2026-10-05,MET Mühendislik,tayfun.yondem@met-eng.com (Tayfun Yöndem),MEKANIK,VERMIYOR,,,,,,Rekabetçi fiyat veremeyeceği için çalışmayacak. Serhat bütçesel fiyat istedi; yanıt yok
1a0f2d1942b4011e,2026-10-05,Demta,muratilkdogan@demta.com (Murat İlkdoğan),MEKANIK,VERMIYOR,,,,,,İlave değer katamayacağımızı düşünüyoruz; ihaleye katılmayacak
1a0f23b25146d529,2026-09-30,Birleşim Grup,aydin@birlesim.com (Aydın Börekci),MEKANIK,VERMIYOR,,,,,,Mevcut iş yoğunluğu
1a0f1ec0e04025ce,2026-09-30,Genç Mühendislik,meltemunal@gencmuh.com (Meltem Ünal),MEKANIK,VERMIYOR,,,,,,Önce tanışma süreci tercih; yoğun ihale programı; yalnızca fiyat vermek için teklif sunmuyor
1a0fcff6235d53fc,2026-10-05,Rayba Yapı,"meyild@hotmail.com (Mehmet Yıldırım); cc melih@, mehmet@raybayapi.com",DIGER,TEKLIF_EKTE,,EUR,Demiryolu (ray/üstyapı) işleri + S-LINE kauçuk esaslı ray bağlantı sistemi,,Fiyat Teklifi-Şanlıurfa Tramvay İhalesi-02.10.2026.pdf; Fiyat Teklifi-(S-LINE) ŞANLIURFA HALİLİYE-EYYÜBİYE TRAMVAYI.pdf; S-LINE Sunum-TR.pdf,"İlk teklif 02.10; 05.10 düzeltme: 'Birim fiyat teklifi döviz cinsi EURO olup, bir önceki e-mail ile paylaşılan teklifte sehven TL yazıldığı için dikkate alınmamasını rica ederiz'. 05.10 20:26'da teklif + S-LINE teklifi yeniden gönderildi. Mail To: rayba@raybayapi.com (Serhat BCC/dağıtım)"
