id,bf_eur,kaynak,q_corr,not
HAB0002,18000,TAHMIN,,"Tasarım, küçük tramvay ölçeği"
HAB0003,7000,TAHMIN,,"Tasarım, küçük tramvay ölçeği"
HAB0005,2800,TAHMIN,,"IP55 dış dolap 19"" kurulu"
HAB0006,2800,TAHMIN,,Endüstriyel L2/L3 PoE switch
HAB0007,150,TAHMIN,,
HAB0008,450,TAHMIN,,"ODF 24 port, pigtail dahil"
HAB0009,18,TAHMIN,42,İdare: 24 ve 8 core SM; alt ring 8 core → ek ×8/24
HAB0010,12,TAHMIN,,
HAB0011,220,TAHMIN,,
HAB0012,600,TAHMIN,,PDU+adaptör+SPD
HAB0013,1.8,TAHMIN,,"8 core SM zırhlı, çekim dahil"
HAB0014,5.5,TAHMIN,,Kazı hariç boru döşeme
HAB0015,2500,TAHMIN,,2 kabinli istasyon
HAB0017,2800,TAHMIN,,"IP55 dış dolap 19"" kurulu"
HAB0018,2800,TAHMIN,,Endüstriyel L2/L3 PoE switch
HAB0019,150,TAHMIN,,
HAB0020,450,TAHMIN,,"ODF 24 port, pigtail dahil"
HAB0021,18,TAHMIN,21,İdare: 24 ve 8 core SM; alt ring 8 core → ek ×8/24
HAB0022,12,TAHMIN,,
HAB0023,220,TAHMIN,,
HAB0024,600,TAHMIN,,PDU+adaptör+SPD
HAB0025,5.5,TAHMIN,,Kazı hariç boru döşeme
HAB0026,1800,TAHMIN,,
HAB0028,2800,TAHMIN,,"IP55 dış dolap 19"" kurulu"
HAB0029,2800,TAHMIN,,Endüstriyel L2/L3 PoE switch
HAB0030,150,TAHMIN,,
HAB0031,450,TAHMIN,,"ODF 24 port, pigtail dahil"
HAB0032,18,TAHMIN,21,İdare: 24 ve 8 core SM; alt ring 8 core → ek ×8/24
HAB0033,12,TAHMIN,,
HAB0034,220,TAHMIN,,
HAB0035,600,TAHMIN,,PDU+adaptör+SPD
HAB0036,5.5,TAHMIN,,Kazı hariç boru döşeme
HAB0037,1800,TAHMIN,,
HAB0039,2800,TAHMIN,,"IP55 dış dolap 19"" kurulu"
HAB0040,2800,TAHMIN,,Endüstriyel L2/L3 PoE switch
HAB0041,150,TAHMIN,,
HAB0042,450,TAHMIN,,"ODF 24 port, pigtail dahil"
HAB0043,18,TAHMIN,21,İdare: 24 ve 8 core SM; alt ring 8 core → ek ×8/24
HAB0044,12,TAHMIN,,
HAB0045,220,TAHMIN,,
HAB0046,600,TAHMIN,,PDU+adaptör+SPD
HAB0047,5.5,TAHMIN,,Kazı hariç boru döşeme
HAB0048,1800,TAHMIN,,
HAB0050,2800,TAHMIN,,"IP55 dış dolap 19"" kurulu"
HAB0051,2800,TAHMIN,,Endüstriyel L2/L3 PoE switch
HAB0052,150,TAHMIN,,
HAB0053,450,TAHMIN,,"ODF 24 port, pigtail dahil"
HAB0054,18,TAHMIN,21,İdare: 24 ve 8 core SM; alt ring 8 core → ek ×8/24
HAB0055,12,TAHMIN,,
HAB0056,220,TAHMIN,,
HAB0057,600,TAHMIN,,PDU+adaptör+SPD
HAB0058,5.5,TAHMIN,,Kazı hariç boru döşeme
HAB0059,1800,TAHMIN,,
HAB0061,2800,TAHMIN,,"IP55 dış dolap 19"" kurulu"
HAB0062,2800,TAHMIN,,Endüstriyel L2/L3 PoE switch
HAB0063,150,TAHMIN,,
HAB0064,450,TAHMIN,,"ODF 24 port, pigtail dahil"
HAB0065,18,TAHMIN,21,İdare: 24 ve 8 core SM; alt ring 8 core → ek ×8/24
HAB0066,12,TAHMIN,,
HAB0067,220,TAHMIN,,
HAB0068,600,TAHMIN,,PDU+adaptör+SPD
HAB0069,5.5,TAHMIN,,Kazı hariç boru döşeme
HAB0070,1800,TAHMIN,,
HAB0072,4000,TAHMIN,,L3 24p PoE+ switch
HAB0073,1800,TAHMIN,,
HAB0074,1200,TAHMIN,,42U+12U karışık ortalama
HAB0075,2.2,TAHMIN,,
HAB0076,1.5,TAHMIN,,
HAB0077,1.5,TAHMIN,,
HAB0078,500,TAHMIN,,
HAB0079,180,TAHMIN,,
HAB0080,350,TAHMIN,,
HAB0082,4000,TAHMIN,,L3 24p PoE+ switch
HAB0083,1400,TAHMIN,,
HAB0084,1100,TAHMIN,,Füzyon/pigtail dahil
HAB0085,180,TAHMIN,,
HAB0086,1.2,TAHMIN,,
HAB0087,300,TAHMIN,,
HAB0089,1500,TAHMIN,,
HAB0090,1200,TAHMIN,,
HAB0091,2500,TAHMIN,,
HAB0092,350,TAHMIN,,
HAB0093,150,TAHMIN,,
HAB0095,12000,TAHMIN,,Core switch 10G
HAB0096,9000,TAHMIN,,Router+FW lisanslı
HAB0097,12000,TAHMIN,,
HAB0098,2000,REF-duz,,42U kabin çapa 1.000-1.500+aksesuar
HAB0099,1500,TAHMIN,,
HAB0100,3000,TAHMIN,0,İdare: mevcut sistem yok
HAB0101,15000,TAHMIN,,
HAB0102,15000,TAHMIN,0,İdare: mevcut sistem yok
HAB0104,2.3,REF-duz,18418.8,"İdare: 24 ve 8 core SM; 96SM→24SM, L 6,44/6,56"
HAB0105,1.5,TAHMIN,9209.4,"İdare: 24 ve 8 core SM; 24MM→8SM, L 6,44/6,56"
HAB0106,250,TAHMIN,,İdare: 24 ve 8 core SM; küçük ek kutusu
HAB0107,18,TAHMIN,558,İdare: 24 ve 8 core SM; ek adedi damar oranı ×0.259
HAB0108,5000,TAHMIN,,İdare: 24 ve 8 core SM; az damar
HAB0109,4000,TAHMIN,,
HAB0111,8000,TAHMIN,,"Tasarım, küçük tramvay ölçeği"
HAB0112,4000,TAHMIN,,"Tasarım, küçük tramvay ölçeği"
HAB0114,1000,REF-duz,,Ref düşük; harici vandal IP tel. çapa 800-1500
HAB0115,15,TAHMIN,,
HAB0116,1.6,TAHMIN,,
HAB0117,1,TAHMIN,,
HAB0118,25,TAHMIN,,
HAB0120,1000,REF-duz,,Ref düşük; harici vandal IP tel. çapa 800-1500
HAB0121,15,TAHMIN,,
HAB0122,1.6,TAHMIN,,
HAB0123,1,TAHMIN,,
HAB0124,25,TAHMIN,,
HAB0126,1000,REF-duz,,Ref düşük; harici vandal IP tel. çapa 800-1500
HAB0127,15,TAHMIN,,
HAB0128,1.6,TAHMIN,,
HAB0129,1,TAHMIN,,
HAB0130,25,TAHMIN,,
HAB0132,1000,REF-duz,,Ref düşük; harici vandal IP tel. çapa 800-1500
HAB0133,15,TAHMIN,,
HAB0134,1.6,TAHMIN,,
HAB0135,1,TAHMIN,,
HAB0136,25,TAHMIN,,
HAB0138,1000,REF-duz,,Ref düşük; harici vandal IP tel. çapa 800-1500
HAB0139,15,TAHMIN,,
HAB0140,1.6,TAHMIN,,
HAB0141,1,TAHMIN,,
HAB0142,25,TAHMIN,,
HAB0144,1000,REF-duz,,Ref düşük; harici vandal IP tel. çapa 800-1500
HAB0145,15,TAHMIN,,
HAB0146,1.6,TAHMIN,,
HAB0147,1,TAHMIN,,
HAB0148,25,TAHMIN,,
HAB0150,180,REF-duz,,Ref düşük; IP telefon çapa 150-250
HAB0151,12,REF-duz,,Ref yalnız malzeme; montajlı priz
HAB0152,15,TAHMIN,,
HAB0153,1.1,TAHMIN,,
HAB0154,89.74,REF,,
HAB0156,180,TAHMIN,,Çapa 150-250
HAB0157,12,REF-duz,,Ref yalnız malzeme; montajlı priz
HAB0158,1.1,TAHMIN,,
HAB0160,18000,TAHMIN,,
HAB0161,180,TAHMIN,,Çapa 150-250
HAB0162,1500,TAHMIN,,
HAB0163,6000,TAHMIN,,
HAB0164,8000,TAHMIN,0,İdare: mevcut sistem yok
HAB0166,20000,TAHMIN,,"Tasarım, küçük tramvay ölçeği"
HAB0167,6000,TAHMIN,,"Tasarım, küçük tramvay ölçeği"
HAB0169,45000,TAHMIN,,"2 taşıyıcı, fallback"
HAB0170,9000,TAHMIN,,Temel hariç
HAB0171,3500,TAHMIN,,
HAB0172,7000,TAHMIN,,
HAB0173,2500,TAHMIN,,
HAB0174,850,TAHMIN,,
HAB0175,2200,TAHMIN,28,İdare: 14 araç × 2 kabin
HAB0176,35000,TAHMIN,,1 tam BS + aksesuar
HAB0178,40000,REF-duz,,Ref düşük; TETRA çekirdek+lisans
HAB0179,6500,TAHMIN,,
HAB0180,7000,TAHMIN,,
HAB0181,4000,TAHMIN,,
HAB0182,10000,TAHMIN,,
HAB0183,8000,TAHMIN,0,İdare: mevcut sistem yok
HAB0185,10000,TAHMIN,,"Tasarım, küçük tramvay ölçeği"
HAB0186,4000,TAHMIN,,"Tasarım, küçük tramvay ölçeği"
HAB0188,150,REF-duz,,Ref n=1; horn hoparlör çapa üst sınırı
HAB0189,2.2,REF-duz,,"FE180 2x1,5 montajlı; ref 1 €/m düşük"
HAB0190,1500,TAHMIN,,
HAB0191,350,TAHMIN,,
HAB0192,60,TAHMIN,,
HAB0194,150,REF-duz,,Ref n=1; horn hoparlör çapa üst sınırı
HAB0195,2.2,REF-duz,,"FE180 2x1,5 montajlı; ref 1 €/m düşük"
HAB0196,1500,TAHMIN,,
HAB0197,350,TAHMIN,,
HAB0198,60,TAHMIN,,
HAB0200,150,REF-duz,,Ref n=1; horn hoparlör çapa üst sınırı
HAB0201,2.2,REF-duz,,"FE180 2x1,5 montajlı; ref 1 €/m düşük"
HAB0202,1500,TAHMIN,,
HAB0203,350,TAHMIN,,
HAB0204,60,TAHMIN,,
HAB0206,150,REF-duz,,Ref n=1; horn hoparlör çapa üst sınırı
HAB0207,2.2,REF-duz,,"FE180 2x1,5 montajlı; ref 1 €/m düşük"
HAB0208,1500,TAHMIN,,
HAB0209,350,TAHMIN,,
HAB0210,60,TAHMIN,,
HAB0212,150,REF-duz,,Ref n=1; horn hoparlör çapa üst sınırı
HAB0213,2.2,REF-duz,,"FE180 2x1,5 montajlı; ref 1 €/m düşük"
HAB0214,1500,TAHMIN,,
HAB0215,350,TAHMIN,,
HAB0216,60,TAHMIN,,
HAB0218,150,REF-duz,,Ref n=1; horn hoparlör çapa üst sınırı
HAB0219,2.2,REF-duz,,"FE180 2x1,5 montajlı; ref 1 €/m düşük"
HAB0220,1500,TAHMIN,,
HAB0221,350,TAHMIN,,
HAB0222,60,TAHMIN,,
HAB0224,120,TAHMIN,,
HAB0225,60,TAHMIN,,
HAB0226,1400,TAHMIN,,
HAB0227,1200,TAHMIN,,
HAB0228,6000,TAHMIN,,Kontrolör + PA kabini
HAB0229,1200,TAHMIN,,
HAB0230,60,TAHMIN,,
HAB0231,15,TAHMIN,,
HAB0232,2.8,TAHMIN,,
HAB0234,2500,TAHMIN,,
HAB0235,3804.91,REF,,
HAB0236,4000,TAHMIN,,
HAB0237,21984.87,REF,0,İdare: mevcut sistem yok
HAB0239,10000,TAHMIN,,"Tasarım, küçük tramvay ölçeği"
HAB0240,4000,TAHMIN,,"Tasarım, küçük tramvay ölçeği"
HAB0242,380,TAHMIN,,
HAB0243,550,REF-duz,,BF 1389 yüksek; medyan 576/çapa
HAB0244,1.5,TAHMIN,,
HAB0245,2.8,TAHMIN,,
HAB0246,45,TAHMIN,,
HAB0247,3500,REF-duz,,Ref n=1 (17.317) aşırı; CCTV güç panosu
HAB0249,380,TAHMIN,,
HAB0250,550,REF-duz,,BF 1389 yüksek; medyan 576/çapa
HAB0251,1.5,TAHMIN,,
HAB0252,2.8,TAHMIN,,
HAB0253,45,TAHMIN,,
HAB0254,3500,REF-duz,,Ref n=1 (17.317) aşırı; CCTV güç panosu
HAB0256,380,TAHMIN,,
HAB0257,550,REF-duz,,BF 1389 yüksek; medyan 576/çapa
HAB0258,1.5,TAHMIN,,
HAB0259,2.8,TAHMIN,,
HAB0260,45,TAHMIN,,
HAB0261,3500,REF-duz,,Ref n=1 (17.317) aşırı; CCTV güç panosu
HAB0263,380,TAHMIN,,
HAB0264,550,REF-duz,,BF 1389 yüksek; medyan 576/çapa
HAB0265,1.5,TAHMIN,,
HAB0266,2.8,TAHMIN,,
HAB0267,45,TAHMIN,,
HAB0268,3500,REF-duz,,Ref n=1 (17.317) aşırı; CCTV güç panosu
HAB0270,380,TAHMIN,,
HAB0271,550,REF-duz,,BF 1389 yüksek; medyan 576/çapa
HAB0272,1.5,TAHMIN,,
HAB0273,2.8,TAHMIN,,
HAB0274,45,TAHMIN,,
HAB0275,3500,REF-duz,,Ref n=1 (17.317) aşırı; CCTV güç panosu
HAB0277,380,TAHMIN,,
HAB0278,550,REF-duz,,BF 1389 yüksek; medyan 576/çapa
HAB0279,1.5,TAHMIN,,
HAB0280,2.8,TAHMIN,,
HAB0281,45,TAHMIN,,
HAB0282,3500,REF-duz,,Ref n=1 (17.317) aşırı; CCTV güç panosu
HAB0284,380,TAHMIN,,
HAB0285,1600,TAHMIN,,
HAB0286,1.1,TAHMIN,,
HAB0287,380,TAHMIN,,
HAB0288,1000,TAHMIN,,Galvaniz direk + ankraj
HAB0289,2800,TAHMIN,,
HAB0290,900,TAHMIN,,
HAB0291,1.2,TAHMIN,,
HAB0292,1.4,TAHMIN,,
HAB0293,4,TAHMIN,,FE180 kablo
HAB0294,550,TAHMIN,,
HAB0295,1,TAHMIN,,
HAB0296,380,TAHMIN,,
HAB0297,1.1,TAHMIN,,
HAB0298,380,TAHMIN,,
HAB0299,1,TAHMIN,,
HAB0300,1200,TAHMIN,,
HAB0301,40,TAHMIN,,
HAB0303,380,TAHMIN,,
HAB0304,1,TAHMIN,,
HAB0305,40,TAHMIN,,
HAB0307,900,TAHMIN,,Sabit/PTZ karışık
HAB0308,500,TAHMIN,,
HAB0309,700,TAHMIN,,Direk/konsol karışık
HAB0310,4,TAHMIN,1123.1,"Hat boyu 6,44/6,56 düzeltme"
HAB0312,3200,TAHMIN,,NVR + ~20 TB disk
HAB0313,15000,TAHMIN,,
HAB0314,1187.35,REF,,
HAB0315,500,REF-duz,,"Ref n=1 aşırı; 24"" 7/24 monitör"
HAB0316,2500,TAHMIN,,
HAB0317,25000,TAHMIN,,
HAB0318,1500,TAHMIN,,
HAB0319,21984.87,REF,0,İdare: mevcut sistem yok
HAB0321,4000,TAHMIN,,"Tasarım, küçük tramvay ölçeği"
HAB0322,2000,TAHMIN,,"Tasarım, küçük tramvay ölçeği"
HAB0324,2640.16,REF,,
HAB0325,1.3,TAHMIN,,
HAB0326,300,REF-duz,,Ref n=1; montaj konsolu
HAB0328,2640.16,REF,,
HAB0329,1.3,TAHMIN,,
HAB0330,300,REF-duz,,Ref n=1; montaj konsolu
HAB0332,2640.16,REF,,
HAB0333,1.3,TAHMIN,,
HAB0334,300,REF-duz,,Ref n=1; montaj konsolu
HAB0336,2640.16,REF,,
HAB0337,1.3,TAHMIN,,
HAB0338,300,REF-duz,,Ref n=1; montaj konsolu
HAB0340,2640.16,REF,,
HAB0341,1.3,TAHMIN,,
HAB0342,300,REF-duz,,Ref n=1; montaj konsolu
HAB0344,2640.16,REF,,
HAB0345,1.3,TAHMIN,,
HAB0346,300,REF-duz,,Ref n=1; montaj konsolu
HAB0348,450,TAHMIN,,
HAB0349,450,TAHMIN,,
HAB0350,2640,TAHMIN,,Peron saati ref ile aynı
HAB0351,1,TAHMIN,,
HAB0352,250,TAHMIN,,
HAB0354,5000,REF-duz,,Yedekli GPS master clock çapa 4.000-6.000
HAB0355,4000,TAHMIN,,
HAB0356,5000,TAHMIN,0,İdare: mevcut sistem yok
HAB0358,5000,TAHMIN,,"Tasarım, küçük tramvay ölçeği"
HAB0359,2500,TAHMIN,,"Tasarım, küçük tramvay ölçeği"
HAB0361,700,TAHMIN,,
HAB0362,180,REF-duz,,Ref yalnız malzeme; montajlı okuyucu
HAB0363,300,REF-duz,,Ref yalnız kilit; buton+montaj dahil
HAB0364,25,TAHMIN,,
HAB0365,1.5,TAHMIN,,
HAB0367,700,TAHMIN,,
HAB0368,180,REF-duz,,Ref yalnız malzeme; montajlı okuyucu
HAB0369,300,REF-duz,,Ref yalnız kilit; buton+montaj dahil
HAB0370,25,TAHMIN,,
HAB0371,1.5,TAHMIN,,
HAB0373,700,TAHMIN,,
HAB0374,180,REF-duz,,Ref yalnız malzeme; montajlı okuyucu
HAB0375,300,REF-duz,,Ref yalnız kilit; buton+montaj dahil
HAB0376,25,TAHMIN,,
HAB0377,1.5,TAHMIN,,
HAB0379,700,TAHMIN,,
HAB0380,180,REF-duz,,Ref yalnız malzeme; montajlı okuyucu
HAB0381,300,REF-duz,,Ref yalnız kilit; buton+montaj dahil
HAB0382,25,TAHMIN,,
HAB0383,1.5,TAHMIN,,
HAB0385,700,TAHMIN,,
HAB0386,180,REF-duz,,Ref yalnız malzeme; montajlı okuyucu
HAB0387,300,REF-duz,,Ref yalnız kilit; buton+montaj dahil
HAB0388,25,TAHMIN,,
HAB0389,1.5,TAHMIN,,
HAB0391,700,TAHMIN,,
HAB0392,180,REF-duz,,Ref yalnız malzeme; montajlı okuyucu
HAB0393,300,REF-duz,,Ref yalnız kilit; buton+montaj dahil
HAB0394,25,TAHMIN,,
HAB0395,1.5,TAHMIN,,
HAB0397,850,TAHMIN,,Çapa 600-900/kapı
HAB0398,1100,TAHMIN,,
HAB0399,1200,TAHMIN,,
HAB0400,1.4,TAHMIN,,
HAB0401,4,TAHMIN,,
HAB0403,900,TAHMIN,,
HAB0404,250,TAHMIN,,
HAB0405,25,TAHMIN,,
HAB0406,1.5,TAHMIN,,
HAB0407,750,TAHMIN,,
HAB0409,9000,TAHMIN,,
HAB0410,2500,TAHMIN,,
HAB0411,5000,TAHMIN,0,İdare: mevcut sistem yok
HAB0413,28000,TAHMIN,,"Tasarım, küçük tramvay ölçeği"
HAB0414,10000,TAHMIN,,"Tasarım, küçük tramvay ölçeği"
HAB0416,4500,TAHMIN,,
HAB0417,4.5,TAHMIN,,
HAB0418,1.2,TAHMIN,,
HAB0420,4500,TAHMIN,,
HAB0421,4.5,TAHMIN,,
HAB0422,1.2,TAHMIN,,
HAB0424,4500,TAHMIN,,
HAB0425,4.5,TAHMIN,,
HAB0426,1.2,TAHMIN,,
HAB0428,4500,TAHMIN,,
HAB0429,4.5,TAHMIN,,
HAB0430,1.2,TAHMIN,,
HAB0432,4500,TAHMIN,,
HAB0433,4.5,TAHMIN,,
HAB0434,1.2,TAHMIN,,
HAB0436,4500,TAHMIN,,
HAB0437,4.5,TAHMIN,,
HAB0438,1.2,TAHMIN,,
HAB0440,18000,TAHMIN,,
HAB0441,5000,TAHMIN,,
HAB0442,4.5,TAHMIN,,
HAB0444,34000,TAHMIN,,ANA ref 36.171/set baz alındı
HAB0445,4,TAHMIN,,
HAB0447,30000,TAHMIN,,
HAB0448,3500,TAHMIN,,
HAB0449,2000,TAHMIN,,
HAB0450,3000,TAHMIN,,
HAB0451,2000,TAHMIN,,
HAB0452,2500,TAHMIN,,
HAB0453,22000,TAHMIN,,
HAB0454,45000,TAHMIN,,
HAB0455,1500,TAHMIN,,
HAB0456,20000,TAHMIN,0,İdare: mevcut sistem yok
HAB0458,8000,TAHMIN,,"Tasarım, küçük tramvay ölçeği"
HAB0459,3500,TAHMIN,,"Tasarım, küçük tramvay ölçeği"
HAB0461,4890.18,REF,,
HAB0462,249.31,REF,,
HAB0463,400,TAHMIN,,
HAB0464,1.4,TAHMIN,,
HAB0466,4890.18,REF,,
HAB0467,249.31,REF,,
HAB0468,400,TAHMIN,,
HAB0469,1.4,TAHMIN,,
HAB0471,4890.18,REF,,
HAB0472,249.31,REF,,
HAB0473,400,TAHMIN,,
HAB0474,1.4,TAHMIN,,
HAB0476,4890.18,REF,,
HAB0477,249.31,REF,,
HAB0478,400,TAHMIN,,
HAB0479,1.4,TAHMIN,,
HAB0481,4890.18,REF,,
HAB0482,249.31,REF,,
HAB0483,400,TAHMIN,,
HAB0484,1.4,TAHMIN,,
HAB0486,4890.18,REF,,
HAB0487,249.31,REF,,
HAB0488,400,TAHMIN,,
HAB0489,1.4,TAHMIN,,
HAB0491,3949.76,REF,,
HAB0492,25000,TAHMIN,,
HAB0493,4200,TAHMIN,,"Yalnız temin, montajsız"
HAB0494,21984.87,REF,0,İdare: mevcut sistem yok
HAB0496,6000,TAHMIN,,"Tasarım, küçük tramvay ölçeği"
HAB0497,3000,TAHMIN,,"Tasarım, küçük tramvay ölçeği"
HAB0499,3760,REF-duz,,Tarif: kablo turnike bedeline dahil (+~80)
HAB0500,0,TAHMIN,,"Tarif: turnike bedeline dahil, ayrıca ödenmez"
HAB0502,6500,REF-duz,,"Ref 1.927 € (2 ref) validatörlü 90° engelli kapı için düşük; piyasa 6.000–9.000"
HAB0503,2.5,TAHMIN,,
HAB0505,1800,TAHMIN,,
HAB0506,1500,TAHMIN,,
HAB0507,600,TAHMIN,,
HAB0508,8000,TAHMIN,,S13 ref (8.000) ile aynı
HAB0509,800,TAHMIN,,
HAB0510,1800,TAHMIN,,
HAB0511,1500,TAHMIN,,
HAB0512,600,TAHMIN,,
HAB0513,8000,TAHMIN,,S13 ref (8.000) ile aynı
HAB0514,800,TAHMIN,,
HAB0515,1800,TAHMIN,,
HAB0516,1500,TAHMIN,,
HAB0517,600,TAHMIN,,
HAB0518,8000,TAHMIN,,S13 ref (8.000) ile aynı
HAB0519,800,TAHMIN,,
HAB0520,1800,TAHMIN,,
HAB0521,1500,TAHMIN,,
HAB0522,600,TAHMIN,,
HAB0523,8000,TAHMIN,,S13 ref (8.000) ile aynı
HAB0524,800,TAHMIN,,
HAB0525,1800,TAHMIN,,
HAB0526,1500,TAHMIN,,
HAB0527,600,TAHMIN,,
HAB0528,8000,TAHMIN,,S13 ref (8.000) ile aynı
HAB0529,800,TAHMIN,,
HAB0530,1800,TAHMIN,,
HAB0531,1500,TAHMIN,,
HAB0532,600,TAHMIN,,
HAB0533,7999.94,REF,,
HAB0534,800,TAHMIN,,
HAB0535,18000,TAHMIN,,EÜTS entegrasyonu dahil
HAB0536,10000,REF-duz,,İdare: mevcut DKM yok; yalnız EÜTS uyarlaması kaldı
HAB0537,4727.37,REF,,
