firma,teklif,tarih,no,kalem,birim,miktar,malzeme_bf,iscilik_bf,toplam,not
Rayba Yapı,Demiryolu işleri (kauçuk esaslı bağlantılı doğrudan tespitli hat),02.10.2026 (05.10 EUR teyidi),1,1/6R50 tipi düz makas temini ve döşenmesi,adet,42,52850,18500,2996700,
Rayba Yapı,Demiryolu işleri (kauçuk esaslı bağlantılı doğrudan tespitli hat),02.10.2026 (05.10 EUR teyidi),2,1/6R100 tipi düz makas temini ve döşenmesi,adet,2,58300,19950,156500,
Rayba Yapı,Demiryolu işleri (kauçuk esaslı bağlantılı doğrudan tespitli hat),02.10.2026 (05.10 EUR teyidi),3,Kruvazman 1/6R100 çapraz makas takımı (4 makas dahil),adet,2,319600,97500,834200,
Rayba Yapı,Demiryolu işleri (kauçuk esaslı bağlantılı doğrudan tespitli hat),02.10.2026 (05.10 EUR teyidi),4,Kruvazman 1/6R50 çapraz makas takımı (4 makas dahil),adet,1,294900,92500,387400,
Rayba Yapı,Demiryolu işleri (kauçuk esaslı bağlantılı doğrudan tespitli hat),02.10.2026 (05.10 EUR teyidi),5,Tabela ve işaretler,set,1,75000,25000,100000,
Rayba Yapı,Demiryolu işleri (kauçuk esaslı bağlantılı doğrudan tespitli hat),02.10.2026 (05.10 EUR teyidi),6,59R2 (Ri59N) oluklu rayla doğrudan tespitli hat döşenmesi,hat-metre,17231,425,215,11027840,
Rayba Yapı,Demiryolu işleri (kauçuk esaslı bağlantılı doğrudan tespitli hat),02.10.2026 (05.10 EUR teyidi),7,49E1 (S49) tipi balastlı hat döşenmesi,hat-metre,2960,405,195,1776000,
Rayba Yapı,Demiryolu işleri (kauçuk esaslı bağlantılı doğrudan tespitli hat),02.10.2026 (05.10 EUR teyidi),8,Yol sonu bariyeri,adet,4,10250,1250,46000,
Rayba Yapı,Demiryolu işleri (kauçuk esaslı bağlantılı doğrudan tespitli hat),02.10.2026 (05.10 EUR teyidi),9,Ray kenarı mastik dolgu,m³,316.2,50,25,23715,
Rayba Yapı,S-LINE kauçuk ray bağlantı sistemi (malzeme),05.10.2026,1,S-LINE kauçuk kapsüller (Ri59/60),hat-metre,17231,76,,1309556,
Rayba Yapı,S-LINE kauçuk ray bağlantı sistemi (malzeme),05.10.2026,2,S-LINE kauçuk kapsüller – makas,adet,59,3050,,179950,
Rayba Yapı,S-LINE kauçuk ray bağlantı sistemi (malzeme),05.10.2026,3,S-LINE montaj sehpası,adet,120,450,,54000,
Rayba Yapı,S-LINE kauçuk ray bağlantı sistemi (malzeme),05.10.2026,4,U-profil,adet,28000,3,,84000,
Rayba Yapı,S-LINE kauçuk ray bağlantı sistemi (malzeme),05.10.2026,5,Mastik yapıştırıcı (600 cc),adet,20500,4.9,,100450,
Rayba Yapı,S-LINE kauçuk ray bağlantı sistemi (malzeme),05.10.2026,6,Montaj kelepçesi ve kement,metre,160000,0.2,,32000,
