firma,firma_turu,faaliyet,ulke,paketler,email_adresleri,ilk_gonderim,hatirlatma,durum,not
2H Asansör,Taşeron / montaj firması (anahtar teslim),asansör montaj-bakım,TR,ASANSOR,info@2hasansor.com.tr,2026-10-01,HAYIR,CEVAP YOK,
Adakon Lift (Orona Türkiye distribütörü),Distribütör / bayi,asansör distribütörü (Orona),TR,ASANSOR,info@adakonlift.com,2026-09-30,HAYIR,SORU SORDU,"Şartnamedeki yerli üretim / en az %80 yerli katkı şartı; sadece ithal ürün (Orona) önerebiliyor, şartnameden farklı uygulama sordu. Serhat: şart değişmez; sapmayı belirterek bütçes"
Adana Asansör,Taşeron / montaj firması (anahtar teslim),asansör montaj-bakım,TR,ASANSOR,info@adanaasansor.com,2026-09-30,HAYIR,CEVAP YOK,
AG Melco (Mitsubishi Electric asansör),Distribütör / bayi,asansör distribütörü (Mitsubishi Electric),TR,ASANSOR,turkey@agmelco.com,2026-09-30,HAYIR,CEVAP YOK,
Anassa Asansör,Üretici (yerli),asansör üretim-montaj,TR,ASANSOR,info@anassa.com.tr,2026-09-30,EVET,CEVAP YOK,
Anıl Asansör,Taşeron / montaj firması (anahtar teslim),asansör montaj-bakım,TR,ASANSOR,anil@anilasansor.com,2026-10-01,HAYIR,CEVAP YOK,
Askon Makine,Üretici (yerli),asansör ekipmanı / makine,TR,ASANSOR,info@askonmakine.com,2026-10-01,HAYIR,CEVAP YOK,
Ağcabey Asansör (Gaziantep Asansör),Taşeron / montaj firması (anahtar teslim),asansör montaj-bakım,TR,ASANSOR,info@gaziantepasansor.com.tr,2026-09-30,HAYIR,ULAŞMADI,Bounce: info@gaziantepasansor.com.tr (teslim edilemedi (3 gün deneme))
Decosan Asansör,Üretici (yerli),asansör üretim-montaj,TR,ASANSOR,satis@decosan.com.tr,2026-09-30,HAYIR,CEVAP YOK,
DGN Asansör,Taşeron / montaj firması (anahtar teslim),asansör montaj-bakım,TR,ASANSOR,info@dgnasansor.com,2026-09-30,HAYIR,ULAŞMADI,Bounce: info@dgnasansor.com (teslim edilemedi (3 gün deneme))
Di Asansör,Taşeron / montaj firması (anahtar teslim),asansör montaj-bakım,TR,ASANSOR,info@diasansor.com,2026-09-30,HAYIR,CEVAP YOK,
Dicle Asansör,Taşeron / montaj firması (anahtar teslim),asansör montaj-bakım,TR,ASANSOR,info@dicleasansor.com,2026-09-30,EVET,CEVAP YOK,
Dizayn Asansör,Taşeron / montaj firması (anahtar teslim),asansör montaj-bakım,TR,ASANSOR,info@dizaynasansor.com.tr,2026-10-01,HAYIR,CEVAP YOK,
Dündar Asansör,Taşeron / montaj firması (anahtar teslim),asansör montaj-bakım,TR,ASANSOR,dundarasansor@gmail.com,2026-09-30,HAYIR,CEVAP YOK,
Edoux Asansör,Üretici (yerli),asansör üretim-montaj,TR,ASANSOR,info@edoux.com,2026-09-30,EVET,VERECEK,Önce mimari proje istedi (SORU); Serhat ASANSOR_Ekler.zip linkini verdi; yanıt: 'İnşallah yetiştirmeye çalışacağız'
Elit Asansör,Taşeron / montaj firması (anahtar teslim),asansör montaj-bakım,TR,ASANSOR,bilgi@elitasansor.com; satis@elitasansor.com,2026-09-30,EVET,CEVAP YOK,
Emlift Asansör,Üretici (yerli),asansör üretim-montaj,TR,ASANSOR,ismet@emlift.com,2026-10-01,HAYIR,TEKLİF GELDİ,Gövde yalnızca 'İlgili dosyalar ekte yer almaktadır'
EPA Asansör,Taşeron / montaj firması (anahtar teslim),asansör montaj-bakım,TR,ASANSOR,bilgi@epaasansor.com.tr,2026-10-01,HAYIR,ULAŞMADI,Bounce: bilgi@epaasansor.com.tr (adres yok)
Ergül Asansör,Taşeron / montaj firması (anahtar teslim),asansör montaj-bakım,TR,ASANSOR,info@ergulasansor.com.tr,2026-10-01,HAYIR,CEVAP YOK,
Ert Asansör,Taşeron / montaj firması (anahtar teslim),asansör montaj-bakım,TR,ASANSOR,info@ertasansor.com.tr,2026-09-30,HAYIR,CEVAP YOK,
FiberLift Asansör,Taşeron / montaj firması (anahtar teslim),asansör montaj-bakım,TR,ASANSOR,info@fiberliftasansor.com.tr,2026-10-01,HAYIR,ULAŞMADI,Bounce: info@fiberliftasansor.com.tr (adres yok)
Fuji Asansör,Taşeron / montaj firması (anahtar teslim),asansör montaj-bakım,TR,ASANSOR,fuji@fujiasansor.com; info@fujiasansor.com,2026-09-30,HAYIR,CEVAP YOK,
Genlift Asansör,Taşeron / montaj firması (anahtar teslim),asansör montaj-bakım,TR,ASANSOR,info@genliftasansor.com,2026-09-30,HAYIR,CEVAP YOK,
GM Asansör,Taşeron / montaj firması (anahtar teslim),asansör montaj-bakım,TR,ASANSOR,info@gmasansor.com.tr,2026-10-01,HAYIR,CEVAP YOK,
GTS Elevator,Üretici (yerli),asansör üretim-montaj,TR,ASANSOR,gts@gtselevator.com,2026-09-30,HAYIR,CEVAP YOK,
HDEL Asansör,Üretici (yerli),asansör üretim-montaj,TR,ASANSOR,satis@hdel.com.tr,2026-09-30,HAYIR,CEVAP YOK,
İda Asansör,Taşeron / montaj firması (anahtar teslim),asansör montaj-bakım,TR,ASANSOR,info@idaasansor.com.tr,2026-09-30,HAYIR,CEVAP YOK,
Kleemann,Uluslararası üretici / sistem sağlayıcı,asansör üretimi,GR,ASANSOR,turkey@kleemannlifts.com,2026-09-30,HAYIR,CEVAP YOK,
KONE Asansör,Uluslararası üretici / sistem sağlayıcı,asansör/yürüyen merdiven,FI,ASANSOR,musterihizmetleri@kone.com,2026-09-30,EVET,SORU SORDU,"Müşteri hizmetleri iletişim bilgisi istedi, Serhat 30.09 cevapladı. Ayrıca 3 otomatik dosya no maili (Kc-47493420, Kc-47496026, Kc-47499695). Teklif yok"
Liftern,Taşeron / montaj firması (anahtar teslim),asansör montaj-bakım,TR,ASANSOR,ibrahim.tiftik@liftern.com,2026-09-30,HAYIR,CEVAP YOK,
Löher Asansör,Üretici (yerli),asansör üretim-montaj,TR,ASANSOR,info@loher.com.tr,2026-10-01,HAYIR,CEVAP YOK,
Malatya Asansör,Taşeron / montaj firması (anahtar teslim),asansör montaj-bakım,TR,ASANSOR,info@malatyaasansor.com.tr,2026-09-30,HAYIR,ULAŞMADI,Bounce: info@malatyaasansor.com.tr (teslim edilemedi (3 gün deneme))
MENAS Asansör,Taşeron / montaj firması (anahtar teslim),asansör montaj-bakım,TR,ASANSOR,info@menasasansor.com,2026-10-01,HAYIR,CEVAP YOK,
Merih Asansör,Üretici (yerli),asansör üretim-montaj,TR,ASANSOR,info@merihasansor.com; operasyon1@merihasansor.com,2026-09-30,HAYIR,CEVAP YOK,
Motray Asansör,Taşeron / montaj firması (anahtar teslim),asansör montaj-bakım,TR,ASANSOR,info@motrayasansor.com,2026-09-30,HAYIR,ULAŞMADI,Bounce: info@motrayasansor.com (adres yok)
ORE Elevator,Üretici (yerli),asansör üretim-montaj,TR,ASANSOR,info@oreelevator.com.tr,2026-10-01,HAYIR,CEVAP YOK,
Otis,Uluslararası üretici / sistem sağlayıcı,asansör/yürüyen merdiven,US,ASANSOR,bilgi@otis.com,2026-09-30,EVET,CEVAP YOK,
Ovit Asansör,Taşeron / montaj firması (anahtar teslim),asansör montaj-bakım,TR,ASANSOR,info@ovitasansor.com,2026-09-30,EVET,CEVAP YOK,
Sanel Asansör,Üretici (yerli),asansör üretim-montaj,TR,ASANSOR,sanelasansor@sanelasansor.com.tr,2026-09-30,HAYIR,CEVAP YOK,
Schindler Türkeli Asansör,Uluslararası üretici / sistem sağlayıcı,asansör/yürüyen merdiven,CH,ASANSOR,info_turkey@schindler.com; kurumsaliletisim.tr@schindler.com,2026-09-30,EVET,TEKLİF GELDİ,Gövdede tutar yok ('ön fiyat teklifimizi ekte'); fiyat doldurulmuş Excel'de. Kullanıcının bildirdiği 480.000 USD e-posta metninde geçmiyor | Teklif mert.oglakkaya@schindler.com üzerinden geldi
Star Asansör,Taşeron / montaj firması (anahtar teslim),asansör montaj-bakım,TR,ASANSOR,info@starasansor.com,2026-09-30,HAYIR,CEVAP YOK,
Still Asansör,Taşeron / montaj firması (anahtar teslim),asansör montaj-bakım,TR,ASANSOR,hazir@stilasansor.com,2026-10-01,HAYIR,CEVAP YOK,
Teknik Lift Asansör,Taşeron / montaj firması (anahtar teslim),asansör montaj-bakım,TR,ASANSOR,info@teknikliftasansor.com,2026-09-30,HAYIR,ULAŞMADI,Bounce: info@teknikliftasansor.com (alan adı yok)
Teknolift,Taşeron / montaj firması (anahtar teslim),asansör montaj-bakım,TR,ASANSOR,ankara@teknolift.com.tr,2026-09-30,HAYIR,CEVAP YOK,
TK Elevator (TK Asansör),Uluslararası üretici / sistem sağlayıcı,asansör/yürüyen merdiven,DE,ASANSOR,info.tr@tkelevator.com; ugurcan.turan@tkelevator.com,2026-09-30,EVET,TEKLİF GELDİ,Gövde: '12 adet üst geçit asansörleri anti vandal CAT-2'ye göre tekliflendirilmiştir'. Tutar gövdede yok; kullanıcının bildirdiği 414.200 EUR PDF'te olmalı
Unimax Asansörleri,Üretici (yerli),asansör üretim-montaj,TR,ASANSOR,info@unimaxasansor.com.tr,2026-10-01,HAYIR,CEVAP YOK,
Valter Asansör,Taşeron / montaj firması (anahtar teslim),asansör montaj-bakım,TR,ASANSOR,valter@valter.com.tr,2026-10-01,HAYIR,CEVAP YOK,
Vefa Asansör,Taşeron / montaj firması (anahtar teslim),asansör montaj-bakım,TR,ASANSOR,info@vefaasansor.com,2026-10-01,HAYIR,CEVAP YOK,
Vital Asansör,Taşeron / montaj firması (anahtar teslim),asansör montaj-bakım,TR,ASANSOR,bilgi@vitalasansor.com,2026-09-30,HAYIR,CEVAP YOK,
Witcell Asansör,Taşeron / montaj firması (anahtar teslim),asansör montaj-bakım,TR,ASANSOR,info@witcell.net,2026-09-30,HAYIR,CEVAP YOK,
2B Elektronik,Sistem entegratörü,güvenlik/CCTV sistemleri,TR,ELEKTRIK,info@2bguvenlik.com,2026-09-30,HAYIR,ULAŞMADI,Bounce: info@2bguvenlik.com (alan adı yok)
Adam Elektronik,Sistem entegratörü,elektronik güvenlik/zayıf akım,TR,ELEKTRIK,adam@adam.com.tr; info@adam.com.tr,2026-09-30,HAYIR,CEVAP YOK,Bounce: adam@adam.com.tr (engellendi)
Adana Pano,Üretici (yerli),elektrik pano imalatı,TR,ELEKTRIK,info@adanapano.com,2026-09-30,HAYIR,CEVAP YOK,
ADK Grup Elektrik,Taşeron / montaj firması (anahtar teslim),elektrik taahhüt,TR,ELEKTRIK,adk@adkelektrik.com.tr,2026-09-30,HAYIR,CEVAP YOK,
Aktif (Harun Öndül),Belirsiz,elektrik (takip tablosunda tür notu yok),TR,ELEKTRIK,info@aktif.net,2026-09-30,HAYIR,CEVAP YOK,win1 takip tablosu/raporu (07.10)
Alfanar,Uluslararası üretici / sistem sağlayıcı,OG şalt / RMU üretimi,SA,ELEKTRIK,goksu.batir@alfanar.com,2026-10-02,HAYIR,VERMİYOR,"Önce SORU: '36kV RMU ürünlerimiz 630A 16kA/1s'dir. SLD'de ürünler 1250A isteniyor.' Serhat: metal clad 1250A 25kA gerekli. Sonra: uygun ürün yok, teklif vermeyecek. Serhat 02.10 RM"
Altesan Elektrik,Taşeron / montaj firması (anahtar teslim),elektrik taahhüt,TR,ELEKTRIK,info@altesanelektrik.com,2026-09-30,HAYIR,CEVAP YOK,
Ankara Netmon,Sistem entegratörü,network / zayıf akım,TR,ELEKTRIK,netmon@netmon.com.tr,2026-09-30,HAYIR,CEVAP YOK,
Artı Elektronik,Sistem entegratörü,zayıf akım/güvenlik sistemleri,TR,ELEKTRIK,bilgi@artielektronik.com.tr,2026-09-30,HAYIR,CEVAP YOK,
Asis Elektronik,Üretici (yerli),ücret toplama / akıllı ulaşım sistemleri,TR,ELEKTRIK,info@asiselektronik.com.tr,2026-09-30,EVET,CEVAP YOK,
Astor Enerji,Üretici (yerli),trafo / OG şalt üretimi,TR,ELEKTRIK,alisan.tastan@astoras.com.tr; info@astoras.com.tr,2026-09-30,HAYIR,CEVAP YOK,
Atak Ulaşım,Sistem entegratörü,raylı sistem elektrik-elektronik / YBS,TR,ELEKTRIK,info@atakulasim.com,2026-09-30,HAYIR,SORU SORDU,Telefonla görüşmek istedi; Serhat 01.10 YBS kalemlerini (sıra 310 vb.) özetledi; sonrasında yanıt yok
ATC Enerji,Taşeron / montaj firması (anahtar teslim),elektrik taahhüt,TR,ELEKTRIK,tozel@atceenerji.com,2026-09-30,HAYIR,CEVAP YOK,
Atılım Group,Sistem entegratörü,CCTV/güvenlik & sahne-ışık entegratörü,TR,ELEKTRIK,info@atilimteknoloji.net,2026-09-30,HAYIR,SORU SORDU,"'İş sizin uhdenizde mi?' Serhat 30.09: ihaleye katılıyoruz, ihale 13.10.2026. Sonra yanıt yok"
Avikon,Sistem entegratörü,elektrik-elektronik / haberleşme sistemleri,TR,ELEKTRIK; SINYALIZASYON,info@avikon.com.tr,2026-09-30,EVET,CEVAP YOK,
BBA Rail,Taşeron / montaj firması (anahtar teslim),raylı sistem elektrik taahhüt,TR,ELEKTRIK,info@bbarail.com,2026-09-30,EVET,CEVAP YOK,
Beta Enerji,Taşeron / montaj firması (anahtar teslim),elektrik taahhüt,TR,ELEKTRIK,info@betaenerji.com,2026-09-30,HAYIR,CEVAP YOK,
BETAŞ (Best Transformer),Üretici (yerli),güç trafosu üretimi,TR,ELEKTRIK,gurkan.temel@besttransformer.com; ruchan.ucok@besttransformer.com; sabri.mavizer@besttransformer.com; satis@besttransformer.com,2026-09-30,HAYIR,YÖNLENDİRDİ,Elektrik işleri faaliyet alanı dışı (154 kV+ EPC) → teklif yok; trafo için grup şirketi Gürkan Temel (gurkan.temel@besttransformer.com)'e yönlendirdi. Serhat 02.10 Gürkan Bey'e tra
Cer Kontrol Sistemleri,Sistem entegratörü,otomasyon / kontrol sistemleri,TR,ELEKTRIK,info@cerkontrol.com,2026-09-30,HAYIR,CEVAP YOK,
CLK Elektrik,Taşeron / montaj firması (anahtar teslim),elektrik taahhüt,TR,ELEKTRIK,info@clkelektrik.com,2026-09-30,EVET,CEVAP YOK,
CNR Elektrik,Taşeron / montaj firması (anahtar teslim),elektrik taahhüt,TR,ELEKTRIK,info@cnrelektrik.com.tr,2026-09-30,HAYIR,CEVAP YOK,
CSM Elektromekanik,Taşeron / montaj firması (anahtar teslim),elektromekanik taahhüt,TR,ELEKTRIK; MEKANIK,smazi@csmelektromekanik.com.tr,2026-09-30,EVET,CEVAP YOK,
Datnet Mühendislik,Sistem entegratörü,zayıf akım / network,TR,ELEKTRIK,info@datnet.com.tr,2026-10-01,HAYIR,ULAŞMADI,Bounce: info@datnet.com.tr (engellendi)
Datsan,Belirsiz,elektrik,TR,ELEKTRIK,info@datsan.com.tr,2026-09-30,HAYIR,ULAŞMADI,Bounce: info@datsan.com.tr (SPF engeli)
DC Group,Taşeron / montaj firması (anahtar teslim),elektromekanik taahhüt,TR,ELEKTRIK; MEKANIK,belgin@dcgroup.com.tr,2026-09-30,EVET,VERMİYOR,Metro/tramvay çalışmasına sıcak bakmıyorlar
Diyarsan Elektrik,Taşeron / montaj firması (anahtar teslim),elektrik taahhüt,TR,ELEKTRIK,info@diyarsanelektrik.com.tr,2026-09-30,HAYIR,CEVAP YOK,
Doğuş Elektrik,Taşeron / montaj firması (anahtar teslim),elektrik taahhüt,TR,ELEKTRIK,info@doguselektrik.com,2026-09-30,HAYIR,CEVAP YOK,
E-Kent,Sistem entegratörü,ücret toplama / akıllı kart sistemleri,TR,ELEKTRIK,iletisim@e-kent.com.tr,2026-09-30,HAYIR,CEVAP YOK,
Eaton,Uluslararası üretici / sistem sağlayıcı,"AG/OG şalt, UPS",US,ELEKTRIK,dogukansimsek@eaton.com; ulusoy.info@eaton.com,2026-09-30,HAYIR,YÖNLENDİRDİ,Teklif ve satış ekibine yönlendirdi; sonrasında yanıt yok
Ege Ray,Taşeron / montaj firması (anahtar teslim),raylı sistem elektrik,TR,ELEKTRIK,info@egeray.com,2026-09-30,HAYIR,CEVAP YOK,
Egepa Group,Belirsiz,elektrik,TR,ELEKTRIK,info@egepagroup.com,2026-10-01,HAYIR,CEVAP YOK,
Egesim,Üretici (yerli),OG/AG şalt / enerji sistemleri,TR,ELEKTRIK,atilla.kayan@egesim.com; cem.degirmenci@egesim.com; ozgur.ekmen@egesim.com; salih.yollu@egesim.com; serdal.cici@egesim.com,2026-10-01,HAYIR,CEVAP YOK,
Ekos Elektrik,Üretici (yerli),elektrik pano / şalt,TR,ELEKTRIK,tarik.akbas@ekoselectric.com,2026-09-30,HAYIR,CEVAP YOK,
Elko Elektrik,Taşeron / montaj firması (anahtar teslim),elektrik taahhüt,TR,ELEKTRIK,info@elkoelektrik.com.tr,2026-09-30,HAYIR,CEVAP YOK,
Elkom Elektrik,Taşeron / montaj firması (anahtar teslim),elektrik taahhüt,TR,ELEKTRIK,info@elkomelektrik.com.tr,2026-10-01,HAYIR,CEVAP YOK,
Elprom,Belirsiz,elektrik,TR,ELEKTRIK,info@elprom.com.tr,2026-10-01,HAYIR,CEVAP YOK,
Eltaş Transformatör,Üretici (yerli),trafo üretimi,TR,ELEKTRIK,bilge.gure@eltas.com.tr; eltas@eltas.com.tr,2026-09-30,HAYIR,CEVAP YOK,
ELTEM-TEK,Üretici (yerli),OG hücre / şalt üretimi,TR,ELEKTRIK,bilgi@eltemtek.com.tr,2026-09-30,HAYIR,CEVAP YOK,
Emre Ray,Taşeron / montaj firması (anahtar teslim),raylı sistem elektrifikasyon / katener montaj,TR,ELEKTRIK; SINYALIZASYON; KATENER,info@emreray.com,2026-09-30,EVET,CEVAP YOK,
Emsat Proje,Mühendislik / danışmanlık,elektrik proje-müşavirlik,TR,ELEKTRIK,bilgi@emsatproje.com,2026-10-01,HAYIR,CEVAP YOK,
Emta,Belirsiz,elektrik,TR,ELEKTRIK,info@emta.com.tr; skurakbelli@emta.com.tr,2026-09-30,HAYIR,CEVAP YOK,
Eprom Mühendislik,Taşeron / montaj firması (anahtar teslim),elektrik taahhüt,TR,ELEKTRIK,info@eprommuhendislik.com,2026-10-01,HAYIR,CEVAP YOK,
ERA Elektronik,Üretici (yerli),yolcu bilgilendirme / LED ekran,TR,ELEKTRIK,era@era-electronic.com,2026-09-30,HAYIR,CEVAP YOK,
ETA Mühendislik,Taşeron / montaj firması (anahtar teslim),elektrik taahhüt,TR,ELEKTRIK,info@etamuh.com.tr,2026-10-01,HAYIR,CEVAP YOK,
Europower Enerji,Üretici (yerli),OG şalt / trafo merkezi,TR,ELEKTRIK,europower@europowerenerji.com.tr,2026-09-30,HAYIR,CEVAP YOK,
EVA Elektromekanik,Üretici (yerli),OG metal enclosed hücre,TR,ELEKTRIK,suleyman.yorulmaz@evaelektromekanik.com,2026-09-30,HAYIR,VERMİYOR,Metal Clad hücre üretimi yok (yalnız Metal Enclosed)
Eşraf Elektrik,Taşeron / montaj firması (anahtar teslim),elektrik taahhüt,TR,ELEKTRIK,info@esrafelektrik.com,2026-10-01,HAYIR,CEVAP YOK,
Fescom Mühendislik,Taşeron / montaj firması (anahtar teslim),elektrik taahhüt,TR,ELEKTRIK,info@fescom.net,2026-10-01,HAYIR,CEVAP YOK,
Fiber Mühendislik,Sistem entegratörü,fiber optik / zayıf akım,TR,ELEKTRIK,info@fibermuhendislik.com,2026-09-30,EVET,CEVAP YOK,
GES Elektrik,Taşeron / montaj firması (anahtar teslim),elektrik taahhüt,TR,ELEKTRIK,ersin.kucukparmak@geselektrik.com.tr; genel@geselektrik.com.tr,2026-09-30,HAYIR,CEVAP YOK,
Geylani Elektrik,Taşeron / montaj firması (anahtar teslim),elektrik taahhüt,TR,ELEKTRIK,cahit@geylanielektrik.com.tr; egeylani@geylanielektrik.com.tr; talip@geylanielektrik.com.tr,2026-09-30,EVET,CEVAP YOK,
Girişim Elektrik,Taşeron / montaj firması (anahtar teslim),elektrik/enerji taahhüt,TR,ELEKTRIK,girisim@girisimelk.com.tr,2026-09-30,HAYIR,CEVAP YOK,
GSL Mühendislik,Taşeron / montaj firması (anahtar teslim),elektrik taahhüt,TR,ELEKTRIK,info@gsl.com.tr,2026-09-30,EVET,CEVAP YOK,
Güngör Elektrik,Taşeron / montaj firması (anahtar teslim),elektrik taahhüt,TR,ELEKTRIK,info@gungorelektrik.com,2026-09-30,HAYIR,CEVAP YOK,
HAVELSAN,Sistem entegratörü,savunma/bilişim sistem entegrasyonu,TR,ELEKTRIK,info@havelsan.com.tr,2026-09-30,HAYIR,CEVAP YOK,
Iqsight / Keenfinity (eski Bosch Bina Teknolojileri),Uluslararası üretici / sistem sağlayıcı,yangın ihbar / güvenlik sistemleri,DE,ELEKTRIK,customerservice.tr@keenfinity-group.com; iletisim@keenfinity-group.com.tr; ogulcan.yucel@iqsight.com,2026-09-30,HAYIR,YÖNLENDİRDİ,Partnerler üzerinden; dağıtıcı Teknomaks (Taylan Akpınar)'a yönlendirdi | Otomatik yanıt: bu kutu okunmuyor | Bounce: iletisim@keenfinity-group.com.tr (alan adı yok) | keenfinity-group.com.tr alan adı yok; Teknomaks'a yönlendirdi
İME Elektrik,Taşeron / montaj firması (anahtar teslim),elektrik taahhüt,TR,ELEKTRIK,info@ime.com.tr,2026-10-01,HAYIR,CEVAP YOK,
Karel,Üretici (yerli),haberleşme / santral,TR,ELEKTRIK,mhb@karel.com.tr,2026-09-30,HAYIR,CEVAP YOK,
Katrancı Mühendislik,Taşeron / montaj firması (anahtar teslim),"OG/AG pano, trafo, ENH, kompanzasyon/SCADA proje-taahhüt (Gaziantep)",TR,ELEKTRIK,katrancimuhendislik@gmail.com,2026-10-01,HAYIR,CEVAP YOK,win1 takip tablosu/raporu (07.10)
Kentkart,Sistem entegratörü,ücret toplama / AVL sistemleri,TR,ELEKTRIK; SINYALIZASYON,burak.peksoy@kentkart.com.tr; info@kentkart.com,2026-09-30,EVET,CEVAP YOK,
Kontrolmatik,Sistem entegratörü,enerji / otomasyon EPC,TR,ELEKTRIK,info@kontrolmatik.com,2026-09-30,EVET,CEVAP YOK,
Lev Mühendislik,Sistem entegratörü,yangın ihbar (Teknim iş ortağı),TR,ELEKTRIK,enver.ertik@levmuhendislik.com,2026-10-02,HAYIR,CEVAP YOK,
Mavili Elektronik,Üretici (yerli),yangın algılama sistemleri,TR,ELEKTRIK,diyarbakir@mavili.com.tr; satis@mavili.com.tr,2026-09-30,HAYIR,CEVAP YOK,
Met Grup,Taşeron / montaj firması (anahtar teslim),elektrik taahhüt,TR,ELEKTRIK,info@metgrup.com,2026-09-30,EVET,CEVAP YOK,
Metaş Elektrik,Taşeron / montaj firması (anahtar teslim),elektrik taahhüt,TR,ELEKTRIK,bilgi@metaselektrik.com,2026-10-01,HAYIR,CEVAP YOK,
Metroray,Taşeron / montaj firması (anahtar teslim),raylı sistem elektromekanik taahhüt,TR,ELEKTRIK; KATENER,metroray@metroray.com,2026-09-30,EVET,CEVAP YOK,
MHT Elektronik,Sistem entegratörü,elektronik / haberleşme sistemleri,TR,ELEKTRIK,info@mht.com.tr,2026-09-30,HAYIR,CEVAP YOK,
Mikrodev,Üretici (yerli),RTU / SCADA donanımı,TR,ELEKTRIK,info@mikrodev.com,2026-09-30,HAYIR,CEVAP YOK,
MTE Enerji,Taşeron / montaj firması (anahtar teslim),elektrik taahhüt,TR,ELEKTRIK,info@mteenerji.com,2026-09-30,HAYIR,CEVAP YOK,
Multicom,Sistem entegratörü,haberleşme sistemleri,TR,ELEKTRIK,info@multicom.com.tr,2026-09-30,HAYIR,CEVAP YOK,
Nemesis Elektronik,Sistem entegratörü,elektronik güvenlik,TR,ELEKTRIK,satis@nemesis.com.tr,2026-10-01,HAYIR,CEVAP YOK,
Netaş,Sistem entegratörü,telekom / haberleşme,TR,ELEKTRIK,info@netas.com.tr,2026-09-30,HAYIR,CEVAP YOK,
Netser,Sistem entegratörü,network / zayıf akım,TR,ELEKTRIK,info@netser.com.tr,2026-09-30,HAYIR,CEVAP YOK,
Nevada Elektronik,Sistem entegratörü,CCTV/güvenlik entegratörü,TR,ELEKTRIK,nevada@nevada.com.tr; proje@nevada.com.tr,2026-09-30,HAYIR,CEVAP YOK,
Odesan,Sistem entegratörü,zayıf akım (takip tablosu: zayıf akım grubu),TR,ELEKTRIK,info@odesan.com.tr,2026-09-30,HAYIR,CEVAP YOK,win1 takip tablosu/raporu (07.10)
ON Elektronik (RayON),Üretici (yerli),merkezi saat & yolcu bilgilendirme,TR,ELEKTRIK,on@onelektronik.com,2026-09-30,HAYIR,TEKLİF GELDİ,Bizim keşif üzerinden ilgili bölümler fiyatlandırılmış; tutar gövdede yok. Referans PDF'i ayrı FW mailiyle geldi
Onur Mühendislik,Taşeron / montaj firması (anahtar teslim),elektrik taahhüt,TR,ELEKTRIK,info@onurmuhendislik.com.tr,2026-09-30,EVET,CEVAP YOK,
Orest Teknoloji,Sistem entegratörü,elektrik-elektronik sistemler,TR,ELEKTRIK,iletisim@orestteknoloji.com,2026-10-01,HAYIR,SORU SORDU,"Teklif verebilir ama 180 gün fiyat geçerliliğine çekince; iş başlangıcında güncel liste istedi. Serhat: kendi opsiyon/geçerlilik sürenizle verin, 07.10'a kadar"
ORGE Enerji,Taşeron / montaj firması (anahtar teslim),elektrik / raylı sistem enerji taahhüt,TR,ELEKTRIK; SINYALIZASYON; KATENER,emre.karatepe@orge.com.tr; info@orge.com.tr; nevhan@orge.com.tr; selcuk.onal@orge.com.tr,2026-09-30,EVET,CEVAP YOK,
Ormazabal,Uluslararası üretici / sistem sağlayıcı,OG hücre / RMU,ES,ELEKTRIK,pba@ormazabal.com,2026-09-30,HAYIR,CEVAP YOK,
Pass Teknoloji,Sistem entegratörü,zayıf akım / güvenlik,TR,ELEKTRIK,passteknoloji@gmail.com,2026-09-30,HAYIR,CEVAP YOK,
Perkotek,Üretici (yerli),turnike / geçiş kontrol,TR,ELEKTRIK,info@perkotek.com,2026-09-30,HAYIR,CEVAP YOK,
Piton Teknoloji,Sistem entegratörü,zayıf akım / haberleşme,TR,ELEKTRIK,info@piton.com.tr,2026-09-30,HAYIR,CEVAP YOK,
Polimek,Üretici (yerli),"turnike/geçiş kontrol, X-ray, metal dedektör (İzmir tramvay referansı)",TR,ELEKTRIK,pazarlama@polimek.com.tr; satis@polimek.com.tr,2026-10-01,HAYIR,CEVAP YOK,win1 takip tablosu/raporu (07.10)
Polsan,Belirsiz,elektrik/elektronik,TR,ELEKTRIK,info@polsangroup.com.tr,2026-09-30,HAYIR,CEVAP YOK,
Preso,Belirsiz,elektronik,TR,ELEKTRIK,bilgi@preso.com.tr,2026-09-30,HAYIR,ULAŞMADI,Bounce: bilgi@preso.com.tr (adres yok)
Protek,Taşeron / montaj firması (anahtar teslim),yangın söndürme / gazlı söndürme taahhüt,TR,ELEKTRIK,info@protek.gen.tr,2026-09-30,HAYIR,SORU SORDU,"01.10: mekanik kapsamı/gazlı söndürme sordu (Serhat mekanik cetveli gönderdi). 05.10: '3 zon'un anlamı, oda hacimleri, 83 L silindire kaç kg gaz, tek silindir/3 panel mi, 3 selecto"
Resa,Taşeron / montaj firması (anahtar teslim),raylı sistem elektrifikasyon,TR,ELEKTRIK; KATENER,info@resa.com.tr,2026-09-30,EVET,VERMİYOR,Projede birlikte çalıştığı iş ortakları olduğundan teklif vermeyecek
Sectec,Sistem entegratörü,CCTV/güvenlik entegratörü,TR,ELEKTRIK,info@sectec.com.tr; pazarlama@sectec.com.tr,2026-09-30,HAYIR,CEVAP YOK,
Segen Teknik,Taşeron / montaj firması (anahtar teslim),elektrik taahhüt,TR,ELEKTRIK,info@segenteknik.com,2026-10-01,HAYIR,CEVAP YOK,
SFA Elektrik,Belirsiz,elektrik,TR,ELEKTRIK,info.sfa@sfaelectric.com,2026-09-30,HAYIR,CEVAP YOK,
TechnoRF,Sistem entegratörü,RF / telsiz haberleşme,TR,ELEKTRIK,info@technorf.com.tr,2026-09-30,HAYIR,CEVAP YOK,
Teknim,Üretici (yerli),yangın / hırsız alarm sistemleri,TR,ELEKTRIK,satis@teknim.com,2026-09-30,HAYIR,YÖNLENDİRDİ,"Lev Mühendislik – Enver Ertik (enver.ertik@levmuhendislik.com, 0533 170 48 64)'e yönlendirdi; Serhat 02.10 Enver Bey'e RFQ gönderdi, Lev'den yanıt yok | Lev Mühendislik (Enver Ertik)'e yönlendirdi; 02.10 Lev'e ayrıca RFQ gönderildi"
Teknomaks,Distribütör / bayi,bina teknolojileri distribütörü (iqsight),TR,ELEKTRIK,taylan.akpinar@teknomaks.com,2026-10-02,HAYIR,YÖNLENDİRDİ,Iqsight yönlendirmesi; Taylan Bey talebi Özgür Bey'e (bölge partneri) iletti; henüz teklif yok
Tema Elektrik Sistemleri,Taşeron / montaj firması (anahtar teslim),elektrik taahhüt,TR,ELEKTRIK,info@temaelektriksistemleri.com,2026-09-30,HAYIR,VERMİYOR,4 firma daha irtibat kurduğu için etik gereği teklif değerlendirmeme kararı; ihale alınırsa uygulamada çalışmak ister. Serhat bütçesel birim fiyat istedi; yanıt yok
Tetra Telsiz ve Haberleşme,Sistem entegratörü,telsiz / haberleşme,TR,ELEKTRIK,info@tetrahaberlesme.com.tr,2026-09-30,HAYIR,CEVAP YOK,
Trans-El,Taşeron / montaj firması (anahtar teslim),elektrik taahhüt,TR,ELEKTRIK,mkara@trans-el.com,2026-09-30,HAYIR,CEVAP YOK,
UniCom,Sistem entegratörü,haberleşme sistemleri,TR,ELEKTRIK,info@unicomltd.com.tr,2026-09-30,HAYIR,CEVAP YOK,
Uskom,Sistem entegratörü,anons / ses-haberleşme sistemleri,TR,ELEKTRIK,info@uskom.com.tr; info@uskom.net,2026-09-30,HAYIR,CEVAP YOK,
Usluel,Belirsiz,elektrik,TR,ELEKTRIK,kartalu@usluel.com,2026-09-30,HAYIR,CEVAP YOK,
Voltberg,Belirsiz,elektrik,TR,ELEKTRIK,alpgiray.avlagi@voltberg.net,2026-09-30,HAYIR,CEVAP YOK,
Yöntem Elektromekanik,Taşeron / montaj firması (anahtar teslim),elektrik taahhüt,TR,ELEKTRIK,yontem@yontemelektromekanik.com.tr,2026-10-01,HAYIR,CEVAP YOK,
ZRD Mühendislik,Taşeron / montaj firması (anahtar teslim),elektrik taahhüt,TR,ELEKTRIK,tolgadumen@zrd.com.tr,2026-09-30,HAYIR,CEVAP YOK,
Çağlar Enerji,Taşeron / montaj firması (anahtar teslim),elektrik taahhüt,TR,ELEKTRIK,info@caglarenerji.net,2026-10-01,HAYIR,ULAŞMADI,Bounce: info@caglarenerji.net (adres yok)
Özgen Group,Taşeron / montaj firması (anahtar teslim),elektrik / sinyal taahhüt,TR,ELEKTRIK; SINYALIZASYON,info@ozgengroup.com.tr,2026-09-30,EVET,CEVAP YOK,
Öztan Elektrik,Taşeron / montaj firması (anahtar teslim),elektrik taahhüt,TR,ELEKTRIK,oztan@oztanelektrik.com,2026-09-30,HAYIR,CEVAP YOK,
2T Makine,Üretici (yerli),çelik konstrüksiyon/direk imalatı,TR,KATENER,info@2tmakine.com.tr,2026-09-30,HAYIR,CEVAP YOK,
AAR Elektrik,Belirsiz,elektrik (katener listesinde),TR,KATENER,info@aarelektrik.net,2026-10-01,HAYIR,ULAŞMADI,Bounce: info@aarelektrik.net (adres yok)
Alfamet,Üretici (yerli),metal direk/konstrüksiyon,TR,KATENER,info@alfamet.com.tr,2026-09-30,HAYIR,CEVAP YOK,
Armin Elektrik,Taşeron / montaj firması (anahtar teslim),elektrik/raylı sistem enerji taahhüt,TR,KATENER,armin@armin.com.tr,2026-09-30,EVET,CEVAP YOK,
ASAŞ,Üretici (yerli),alüminyum profil/konstrüksiyon,TR,KATENER,info@asastr.com,2026-10-01,HAYIR,CEVAP YOK,
Atabey Grup Mühendislik,Taşeron / montaj firması (anahtar teslim),elektrik/enerji hattı taahhüt,TR,KATENER,info@atabeygrupmuhendislik.com.tr,2026-09-30,HAYIR,CEVAP YOK,
Demir Yapı,Belirsiz,çelik yapı (katener listesinde),TR,KATENER,info@demiryapi.com.tr,2026-10-01,HAYIR,CEVAP YOK,
Demulaş (Harun Dursun),Taşeron / montaj firması (anahtar teslim),raylı sistem / katener montaj,TR,KATENER,info@demulas.com.tr,2026-09-30,EVET,CEVAP YOK,
DeSA Temsilcilik (Arthur Flury),Distribütör / bayi,katener ekipmanı temsilcisi (Arthur Flury),TR,KATENER,info@desa-trade.com,2026-09-30,HAYIR,SORU SORDU,"İzolatör seçim formu gönderdi; teknik değerlendirme sonrası fiyat verecek. Serhat 01.10 temel verileri (750 V DC, hız vb.) iletti; fiyat henüz yok"
Doruk Grup Enerji,Üretici (yerli),enerji/katener direği üretimi,TR,KATENER,dorukgrupenerji@gmail.com,2026-10-01,HAYIR,VERMİYOR,Üretim programı 2027 Mart'a kadar dolu
Ebra Group,Belirsiz,(katener listesinde),TR,KATENER,ozger@ebragroup.com.tr,2026-10-01,HAYIR,CEVAP YOK,
ER-BAKIR,Üretici (yerli),bakır iletken / kontak teli üretimi,TR,KATENER,ecevikkol@erbakir.com.tr; erbakir@erbakir.com.tr,2026-09-30,HAYIR,SORU SORDU,"İletken teknik detaylarını sordu (AC/BC tipi, ETP teyidi, standart, yapı; 3K120F000002 önerisi). Serhat 02.10 şartname bilgileriyle cevapladı"
Furrer+Frey,Uluslararası üretici / sistem sağlayıcı,katener sistemleri,CH,KATENER,schweiz@furrerfrey.ch,2026-09-30,HAYIR,CEVAP YOK,
Galland,Uluslararası üretici / sistem sağlayıcı,katener ekipmanları,FR,KATENER,webcontact@galland-sas.com,2026-10-01,HAYIR,CEVAP YOK,
Güneydoğu Galvaniz,Üretici (yerli),galvaniz / çelik direk,TR,KATENER,info@gdg.tc,2026-10-01,HAYIR,CEVAP YOK,
Güven Elektrik,Taşeron / montaj firması (anahtar teslim),elektrik (katener listesinde),TR,KATENER,info@guvenelektrik.com,2026-10-01,HAYIR,CEVAP YOK,
Işın Aydınlatma,Üretici (yerli),aydınlatma direği / armatür,TR,KATENER,info@isinaydinlatma.com.tr,2026-10-01,HAYIR,CEVAP YOK,
KAM Ankara Beton,Üretici (yerli),beton direk / prefabrik,TR,KATENER,kam@kam.com.tr,2026-10-01,HAYIR,VERMİYOR,"'İstemiş olduğunuz ürünler üretim bandımızda bulunmamaktadır.' (Konu: 'kam aş'; hangi pakete yanıt olduğu belirtilmemiş, ENH satış – muhtemelen katener)"
Kambeton,Üretici (yerli),beton direk / prefabrik,TR,KATENER,kambeton@kambeton.com.tr,2026-10-01,HAYIR,SORU SORDU,"'Teklif iletebilmemiz için direk tip ve adetlerinin net olması gerekmektedir.' Serhat 05.10: cetvelde net, teklif bekliyoruz"
Kiriş Enerji,Taşeron / montaj firması (anahtar teslim),enerji hattı / katener montaj,TR,KATENER,info@kirisenerji.com,2026-09-30,HAYIR,CEVAP YOK,
Kummler+Matter,Uluslararası üretici / sistem sağlayıcı,katener sistemleri,CH,KATENER,am@kummlermatter.ch; info@kummlermatter.ch,2026-09-30,HAYIR,CEVAP YOK,
La Farga,Uluslararası üretici / sistem sağlayıcı,bakır kontak teli / iletken,ES,KATENER,lafarga@lafarga.es,2026-10-01,HAYIR,CEVAP YOK,
La-Berk Döküm,Üretici (yerli),demiryolu katener sistem parçaları dökümü (OSTİM),TR,KATENER,laberk2012@gmail.com,2026-10-01,HAYIR,CEVAP YOK,win1 takip tablosu/raporu (07.10)
Metaline,Üretici (yerli),metal bağlantı elemanı / hırdavat,TR,KATENER,export@metaline.com.tr,2026-09-30,HAYIR,CEVAP YOK,
Mitaş Endüstri,Üretici (yerli),çelik direk / kule üretimi,TR,KATENER,info@mitasindustry.com; sales@mitasindustry.com,2026-09-30,HAYIR,TEKLİF GELDİ,"İzmir projesi direk çizimleri ekte. C/D kendi çizimine, A/B/B1 proje taban plaklarına göre teklif çalışacak. S355 dikişli boru (dikişsizin ithal/pahalı olduğu, idareye dikişli boru | 06.10 POLT-3709-R0 teklifi 315.070 USD FCA Ankara (228 direk + ankraj şablonu) + 45.000 USD toz boya opsiyonu; bütçede ×1,20 nakliye+işçilik+overhead"
Rayba Yapı,Taşeron / montaj firması (anahtar teslim),demiryolu üstyapı / elektrifikasyon,TR,KATENER,mehmet@raybayapi.com; rayba@raybayapi.com,2026-10-01,HAYIR,TEKLİF GELDİ,"İlk teklif 02.10; 05.10 düzeltme: 'Birim fiyat teklifi döviz cinsi EURO olup, bir önceki e-mail ile paylaşılan teklifte sehven TL yazıldığı için dikkate alınmamasını rica ederiz'.  | Teklif meyild@hotmail.com (Mehmet Yıldırım) üzerinden geldi"
Sanidar Direk,Üretici (yerli),çelik direk üretimi,TR,KATENER,info@sanidardirek.com,2026-09-30,HAYIR,CEVAP YOK,
Sarkuysan,Üretici (yerli),bakır iletken üretimi,TR,KATENER,pazarlama@sarkuysan.com,2026-09-30,HAYIR,CEVAP YOK,
SSM Bakır,Üretici (yerli),bakır iletken,TR,KATENER,info@ssmbakir.com,2026-10-01,HAYIR,CEVAP YOK,
Teknom Metal,Üretici (yerli),metal direk / konstrüksiyon,TR,KATENER,info@teknommetal.com,2026-10-01,HAYIR,ULAŞMADI,Bounce: info@teknommetal.com (engellendi)
Tepsan,Üretici (yerli),katener/ENH donanımı (takip tablosunda tür notu yok),TR,KATENER,iletisim@tepsan.com.tr,2026-09-30,EVET,CEVAP YOK,win1 takip tablosu/raporu (07.10)
Transray,Taşeron / montaj firması (anahtar teslim),raylı sistem taahhüt,TR,KATENER,info@transray.com.tr,2026-10-01,HAYIR,CEVAP YOK,
Ulusoy Raylı Sistemler,Üretici (yerli),raylı sistem ekipmanı / katener,TR,KATENER,info@ulusoyrail.com.tr,2026-09-30,EVET,CEVAP YOK,
Uğur Türkyurt,Belirsiz,(katener listesinde),TR,KATENER,mturkyurt@ugurturkyurt.com,2026-10-01,HAYIR,CEVAP YOK,
ŞA-RA Enerji,Üretici (yerli),enerji direği / kule üretimi,TR,KATENER,adanafabrika@sara.com.tr; info@sara.com.tr,2026-09-30,HAYIR,CEVAP YOK,
Acar Mekanik,Taşeron / montaj firması (anahtar teslim),mekanik tesisat taahhüt,TR,MEKANIK,info@acarmekanik.com.tr,2026-09-30,HAYIR,CEVAP YOK,
Aday Mekanik,Taşeron / montaj firması (anahtar teslim),mekanik tesisat taahhüt,TR,MEKANIK,aday@adaymekanik.com,2026-09-30,HAYIR,CEVAP YOK,
Akas Mühendislik,Taşeron / montaj firması (anahtar teslim),mekanik tesisat taahhüt,TR,MEKANIK,proje@akasmuhendislik.com.tr,2026-10-01,HAYIR,CEVAP YOK,
AKC Mekanik,Taşeron / montaj firması (anahtar teslim),mekanik tesisat taahhüt,TR,MEKANIK,akc@akcmekanik.com,2026-09-30,HAYIR,CEVAP YOK,
Aktes,Taşeron / montaj firması (anahtar teslim),mekanik tesisat taahhüt,TR,MEKANIK,proje@aktes.com.tr,2026-09-30,HAYIR,CEVAP YOK,
Altes Mühendislik,Taşeron / montaj firması (anahtar teslim),mekanik tesisat taahhüt,TR,MEKANIK,info@altesmuhendislik.com.tr,2026-10-01,HAYIR,CEVAP YOK,
Anel Group,Taşeron / montaj firması (anahtar teslim),elektromekanik taahhüt,TR,MEKANIK,anel@anelgroup.com,2026-09-30,HAYIR,CEVAP YOK,
Arı Jeotermal,Taşeron / montaj firması (anahtar teslim),mekanik tesisat / ısı pompası,TR,MEKANIK,info@arijeotermal.com.tr,2026-10-01,HAYIR,CEVAP YOK,
Atakon Mühendislik,Taşeron / montaj firması (anahtar teslim),mekanik tesisat taahhüt,TR,MEKANIK,info@atakonmuhendislik.com; teklif@atakonmuhendislik.com,2026-09-30,HAYIR,CEVAP YOK,
Aytes Mühendislik,Taşeron / montaj firması (anahtar teslim),mekanik tesisat taahhüt,TR,MEKANIK,info@aytesmuhendislik.com.tr,2026-09-30,EVET,CEVAP YOK,
Birleşim Grup,Taşeron / montaj firması (anahtar teslim),mekanik tesisat taahhüt,TR,MEKANIK,birlesim@birlesim.com,2026-09-30,EVET,VERMİYOR,Mevcut iş yoğunluğu
BSE Tesisat,Taşeron / montaj firması (anahtar teslim),mekanik tesisat taahhüt,TR,MEKANIK,bse@bsetesisat.com,2026-10-01,HAYIR,CEVAP YOK,
BSK Mekanik,Taşeron / montaj firması (anahtar teslim),mekanik tesisat taahhüt,TR,MEKANIK,info@bskmekanik.com,2026-09-30,HAYIR,CEVAP YOK,
"Cem Yılmaz (yapimfc, şahıs adresi)",Belirsiz,mekanik,TR,MEKANIK,yapimfc@gmail.com,2026-09-30,EVET,CEVAP YOK,
Damar Mekanik,Taşeron / montaj firması (anahtar teslim),mekanik tesisat taahhüt,TR,MEKANIK,info@damarmekanik.com,2026-09-30,EVET,CEVAP YOK,
Demta,Taşeron / montaj firması (anahtar teslim),mekanik tesisat taahhüt,TR,MEKANIK,demta@demta.com.tr,2026-09-30,HAYIR,VERMİYOR,İlave değer katamayacağımızı düşünüyoruz; ihaleye katılmayacak
Derin Mühendislik,Taşeron / montaj firması (anahtar teslim),mekanik tesisat taahhüt,TR,MEKANIK,info@derinmuhendislik.com.tr; zuleyhaozcan@derinmuhendislik.com.tr,2026-09-30,HAYIR,CEVAP YOK,Bounce: zuleyhaozcan@derinmuhendislik.com.tr (gelen kutusu dolu)
Dinamik Mühendislik,Taşeron / montaj firması (anahtar teslim),mekanik tesisat taahhüt,TR,MEKANIK,bilgi@dnmk.net,2026-10-01,HAYIR,ULAŞMADI,Bounce: bilgi@dnmk.net (adres yok)
DNT Group,Taşeron / montaj firması (anahtar teslim),mekanik tesisat taahhüt,TR,MEKANIK,info@dnt-group.com,2026-09-30,HAYIR,CEVAP YOK,
Duru Mekanik,Taşeron / montaj firması (anahtar teslim),mekanik tesisat taahhüt,TR,MEKANIK,info@durumekanikproje.com,2026-10-01,HAYIR,CEVAP YOK,
Ekinoks Klima,Taşeron / montaj firması (anahtar teslim),mekanik tesisat taahhüt,TR,MEKANIK,info@ekinoksklima.com,2026-09-30,HAYIR,CEVAP YOK,
Ekura,Taşeron / montaj firması (anahtar teslim),mekanik tesisat taahhüt,TR,MEKANIK,info@ekura.com.tr,2026-09-30,HAYIR,VERECEK,"Birkaç gün gecikmeyle gönderecek; zaman olsa tüm mekanik paketi (yürüyen merdiven, asansör, jeneratör dahil) bütçeleyebilir. Serhat en geç 09.10.2026 dedi"
ENC Proje,Mühendislik / danışmanlık,mekanik proje-müşavirlik,TR,MEKANIK,enc@encproje.com,2026-10-01,HAYIR,CEVAP YOK,
Enk Mühendislik,Taşeron / montaj firması (anahtar teslim),mekanik tesisat taahhüt,TR,MEKANIK,info@enkmuhendislik.com,2026-09-30,EVET,CEVAP YOK,
Erdemler,Taşeron / montaj firması (anahtar teslim),mekanik tesisat taahhüt,TR,MEKANIK,info@erdemler.com,2026-09-30,HAYIR,CEVAP YOK,
Erdinç Çevik (şahıs adresi),Belirsiz,mekanik (DC Group ile bağlantılı olabilir),TR,MEKANIK,erdinccvk@gmail.com,2026-09-30,EVET,CEVAP YOK,Şahıs gmail adresi; firma belirsiz
Gazi Yangın,Taşeron / montaj firması (anahtar teslim),yangın söndürme taahhüt,TR,MEKANIK,info@gaziyangin.com,2026-10-01,HAYIR,CEVAP YOK,
Genç Mühendislik,Taşeron / montaj firması (anahtar teslim),mekanik tesisat taahhüt,TR,MEKANIK,info@gencmuh.com,2026-09-30,EVET,VERMİYOR,Önce tanışma süreci tercih; yoğun ihale programı; yalnızca fiyat vermek için teklif sunmuyor
GESA Mühendislik,Taşeron / montaj firması (anahtar teslim),mekanik tesisat taahhüt,TR,MEKANIK,info@gesamuhendislik.com.tr; proje@gesamuhendislik.com.tr,2026-10-01,HAYIR,CEVAP YOK,
Global Mühendislik,Taşeron / montaj firması (anahtar teslim),mekanik tesisat taahhüt,TR,MEKANIK,info@globalmuhendislik.com.tr,2026-10-01,HAYIR,CEVAP YOK,
Gürer Mekanik,Taşeron / montaj firması (anahtar teslim),mekanik tesisat taahhüt,TR,MEKANIK,info@gurermekanik.com,2026-09-30,HAYIR,CEVAP YOK,
Hantes Yapı,Taşeron / montaj firması (anahtar teslim),mekanik tesisat taahhüt,TR,MEKANIK,info@hantesyapi.com.tr,2026-10-01,HAYIR,CEVAP YOK,
HT Mekanik,Taşeron / montaj firması (anahtar teslim),mekanik tesisat taahhüt,TR,MEKANIK,info@htmekanik.com,2026-09-30,HAYIR,CEVAP YOK,
Isıtek,Taşeron / montaj firması (anahtar teslim),mekanik tesisat taahhüt,TR,MEKANIK,info@isitekmekanik.com,2026-09-30,HAYIR,CEVAP YOK,
İnka Mekanik,Taşeron / montaj firması (anahtar teslim),mekanik tesisat taahhüt,TR,MEKANIK,info@inkamekanik.com.tr,2026-09-30,HAYIR,CEVAP YOK,
İnsel,Taşeron / montaj firması (anahtar teslim),mekanik tesisat taahhüt,TR,MEKANIK,info@inselltd.com,2026-09-30,HAYIR,CEVAP YOK,
KMK Mekanik,Taşeron / montaj firması (anahtar teslim),mekanik tesisat taahhüt,TR,MEKANIK,info@kmkmekanik.com,2026-10-01,HAYIR,CEVAP YOK,
Konfor Mekanik,Taşeron / montaj firması (anahtar teslim),mekanik tesisat taahhüt,TR,MEKANIK,burhan@konformekanik.com,2026-10-01,HAYIR,CEVAP YOK,
Matesis Mühendislik,Taşeron / montaj firması (anahtar teslim),mekanik tesisat taahhüt,TR,MEKANIK,info@matesismuhendislik.com,2026-09-30,HAYIR,CEVAP YOK,
Mecist Mühendislik,Taşeron / montaj firması (anahtar teslim),mekanik tesisat taahhüt,TR,MEKANIK,sefagur@mecist.com,2026-10-01,HAYIR,CEVAP YOK,
Mecon Yapı,Taşeron / montaj firması (anahtar teslim),mekanik tesisat taahhüt,TR,MEKANIK,info@meconyapi.com,2026-09-30,HAYIR,CEVAP YOK,
Mekatronik İnşaat,Taşeron / montaj firması (anahtar teslim),mekanik tesisat taahhüt,TR,MEKANIK,info@mekatronikinsaat.com.tr,2026-09-30,HAYIR,CEVAP YOK,
Mep Teknik,Taşeron / montaj firması (anahtar teslim),mekanik tesisat taahhüt,TR,MEKANIK,info@meptk.com,2026-10-01,HAYIR,ULAŞMADI,Bounce: info@meptk.com (adres yok)
Merik Mühendislik,Taşeron / montaj firması (anahtar teslim),mekanik tesisat taahhüt,TR,MEKANIK,info@merikmuhendislik.com,2026-09-30,HAYIR,CEVAP YOK,
Meser,Taşeron / montaj firması (anahtar teslim),mekanik tesisat taahhüt,TR,MEKANIK,meser@meser.com.tr,2026-09-30,HAYIR,CEVAP YOK,
MET Mühendislik,Taşeron / montaj firması (anahtar teslim),mekanik tesisat taahhüt,TR,MEKANIK,met@met-eng.com,2026-09-30,HAYIR,VERMİYOR,Rekabetçi fiyat veremeyeceği için çalışmayacak. Serhat bütçesel fiyat istedi; yanıt yok
Mizan Mühendislik,Taşeron / montaj firması (anahtar teslim),mekanik tesisat taahhüt,TR,MEKANIK,info@mizanmuhendislik.com,2026-09-30,HAYIR,CEVAP YOK,
Norm Mekanik,Taşeron / montaj firması (anahtar teslim),mekanik tesisat taahhüt,TR,MEKANIK,norm@normmekanik.com,2026-09-30,HAYIR,CEVAP YOK,
Saytek Mühendislik,Taşeron / montaj firması (anahtar teslim),mekanik tesisat taahhüt,TR,MEKANIK,info@saytekyapi.com,2026-10-01,HAYIR,CEVAP YOK,
SVS Mühendislik,Taşeron / montaj firması (anahtar teslim),mekanik tesisat taahhüt,TR,MEKANIK,info@svsmuhendislik.com,2026-10-01,HAYIR,CEVAP YOK,
Sönmez Global,Taşeron / montaj firması (anahtar teslim),mekanik tesisat taahhüt,TR,MEKANIK,sonmez@sonmezglobal.com,2026-09-30,HAYIR,CEVAP YOK,
Tekmaks Mühendislik,Taşeron / montaj firması (anahtar teslim),mekanik tesisat taahhüt,TR,MEKANIK,info@tekmaks.com,2026-10-01,HAYIR,CEVAP YOK,
Tetisan,Taşeron / montaj firması (anahtar teslim),mekanik tesisat taahhüt,TR,MEKANIK,info@tetisan.com,2026-09-30,HAYIR,CEVAP YOK,
TM (Uğur Münir Başıtaş),Taşeron / montaj firması (anahtar teslim),mekanik tesisat taahhüt,TR,MEKANIK,info@tm.com.tr,2026-09-30,HAYIR,CEVAP YOK,
TREMS,Taşeron / montaj firması (anahtar teslim),mekanik tesisat taahhüt,TR,MEKANIK,info@trems.com.tr,2026-09-30,EVET,CEVAP YOK,
Tunç Tesisat,Taşeron / montaj firması (anahtar teslim),mekanik tesisat taahhüt,TR,MEKANIK,info@tunctesisat.com,2026-09-30,HAYIR,ULAŞMADI,Bounce: info@tunctesisat.com (kota dolu (postmaster@10em.net))
Yimak Mühendislik,Taşeron / montaj firması (anahtar teslim),mekanik tesisat taahhüt,TR,MEKANIK,info@yimakmuhendislik.com,2026-09-30,HAYIR,CEVAP YOK,
Yıltek Mekanik,Taşeron / montaj firması (anahtar teslim),mekanik tesisat taahhüt,TR,MEKANIK,bilgi@yiltekmekanik.com,2026-09-30,EVET,CEVAP YOK,
Özkur Grup,Taşeron / montaj firması (anahtar teslim),mekanik tesisat taahhüt,TR,MEKANIK,info@ozkurgrup.com,2026-09-30,EVET,CEVAP YOK,
Üntes,Üretici (yerli),HVAC cihaz üretimi,TR,MEKANIK,untes@untes.net,2026-09-30,HAYIR,CEVAP YOK,
Alstom,Uluslararası üretici / sistem sağlayıcı,sinyalizasyon / raylı sistemler,FR,SINYALIZASYON,buket.akcora@alstomgroup.com,2026-09-30,HAYIR,VERMİYOR,"Detaylı çalışma için yeterli zaman yok, teklif sunamayacağız. Serhat 05.10 bütçesel (toplam/ana kalem) fiyat istedi; yanıt yok"
Alya Elektrik,Belirsiz,elektrik (sinyalizasyon listesinde),TR,SINYALIZASYON,info@alyaelektrik.com.tr,2026-09-30,HAYIR,CEVAP YOK,
Anadolu Trafik,Üretici (yerli),karayolu tünel/trafik sistemleri,TR,SINYALIZASYON,anadolu@anadolutrafik.com.tr; ckeskin@anadolutrafik.com.tr,2026-10-01,HAYIR,VERMİYOR,Karayolu tünel ürünleri üretiyor; istenen ürünler yok
ASELSAN,Üretici (yerli),savunma elektroniği / raylı sistem sinyalizasyon,TR,SINYALIZASYON,mates@aselsan.com.tr,2026-09-30,HAYIR,CEVAP YOK,
Asya Trafik,Üretici (yerli),trafik sinyalizasyon üretim-montaj,TR,SINYALIZASYON,akifcelik@asyatrafik.com.tr; asya@asyatrafik.com.tr,2026-09-30,HAYIR,CEVAP YOK,
AYESAŞ,Üretici (yerli),raylı sistem elektroniği / sinyalizasyon,TR,SINYALIZASYON,bulent.koseoglu@ayesas.com; info@ayesas.com,2026-10-01,HAYIR,CEVAP YOK,
Aytekin İnşaat,Taşeron / montaj firması (anahtar teslim),trafik/sinyalizasyon montaj,TR,SINYALIZASYON,info@aytekininsaat.com.tr,2026-10-01,HAYIR,CEVAP YOK,
Baykal Rezistans,Üretici (yerli),rezistans / makas ısıtıcı üretimi,TR,SINYALIZASYON,satis@baykalrezistans.com,2026-09-30,HAYIR,CEVAP YOK,
EHT Mühendislik,Üretici (yerli),elektrikli ısıtma / heat tracing,TR,SINYALIZASYON,info@ehtmuhendislik.com,2026-09-30,HAYIR,VERMİYOR,"Faaliyet alanına (ısıtma, makas ısıtıcı vb.) giren kalem yok"
Elmak,Sistem entegratörü,otomasyon / SCADA,TR,SINYALIZASYON,info@elmak.com.tr; reyhan.uzun@elmak.com.tr,2026-09-30,HAYIR,VERMİYOR,Otomasyon SCADA hizmeti veriyor; ilgili kapsamlar için çalışmaları yok
Elsitel,Sistem entegratörü,raylı sistem sinyalizasyon / elektrifikasyon,TR,SINYALIZASYON; KATENER,info@elsitel.com.tr,2026-09-30,EVET,CEVAP YOK,
Esatek,Sistem entegratörü,elektronik sistemler,TR,SINYALIZASYON,esatek@esatek.com.tr,2026-10-01,HAYIR,CEVAP YOK,
Estart,Sistem entegratörü,elektronik sistemler,TR,SINYALIZASYON,bilgi@estart.com.tr,2026-10-01,HAYIR,CEVAP YOK,
Form Mühendislik,Belirsiz,(sinyalizasyon listesinde),TR,SINYALIZASYON,info@formmuhendislik.com,2026-10-01,HAYIR,CEVAP YOK,
Frauscher Sensor Technology,Uluslararası üretici / sistem sağlayıcı,aks sayaç / tren tespit,AT,SINYALIZASYON,office@frauscher.com; sales@frauscher.com,2026-10-01,HAYIR,CEVAP YOK,
Furkan Enerji,Taşeron / montaj firması (anahtar teslim),enerji / katener montaj,TR,SINYALIZASYON; KATENER,bilgi@furkanenerji.com,2026-09-30,HAYIR,CEVAP YOK,
Hanning & Kahl,Uluslararası üretici / sistem sağlayıcı,tramvay makas/sinyal sistemleri,DE,SINYALIZASYON,info@hanning-kahl.com; nico.liesenfeld@hanning-kahl.com,2026-10-01,HAYIR,CEVAP YOK,Otomatik yanıt: 02.10.2026'ya kadar ofis dışı
Hugotek,Sistem entegratörü,akıllı ulaşım / trafik sistemleri,TR,SINYALIZASYON,gokhan.akyol@hugotek.com.tr; info@hugotek.com.tr,2026-10-01,HAYIR,VERECEK,'Konu hakkında en kısa sürede sizlere ulaşmış olacağız' (net taahhüt değil)
INIT,Uluslararası üretici / sistem sağlayıcı,AVL / ITS ulaşım sistemleri,DE,SINYALIZASYON,info@initse.com,2026-10-01,HAYIR,CEVAP YOK,
ISSD Bilişim,Sistem entegratörü,AVL / akıllı ulaşım,TR,SINYALIZASYON,cagri.yuzbasioglu@issd.com.tr; info@issd.com.tr,2026-10-01,HAYIR,CEVAP YOK,
Isışah,Belirsiz,(sinyalizasyon listesinde),TR,SINYALIZASYON,info@isisah.com.tr,2026-10-01,HAYIR,CEVAP YOK,
İKS Teknoloji,Sistem entegratörü,ulaşım / elektronik sistemler,TR,SINYALIZASYON,info@iksteknoloji.com.tr,2026-09-30,EVET,CEVAP YOK,
İntetra,Sistem entegratörü,akıllı ulaşım / trafik sistemleri,TR,SINYALIZASYON,muhammed.alyuruk@intetra.com.tr,2026-10-01,HAYIR,YÖNLENDİRDİ,Mehmet Göktepe Bey dönüş yapacak; henüz yanıt yok
İSBAK,Sistem entegratörü,akıllı ulaşım / sinyalizasyon (İBB iştiraki),TR,SINYALIZASYON,info@isbak.istanbul; yurticisatissefligi@isbak.istanbul,2026-09-30,EVET,CEVAP YOK,İBB iştiraki (kamu sermayeli şirket)
İztra Trafik,Sistem entegratörü,trafik sinyalizasyon,TR,SINYALIZASYON,info@iztra.com,2026-10-01,HAYIR,CEVAP YOK,
Kara Taş Sinyalizasyon,Sistem entegratörü,sinyalizasyon / endüstriyel sistemler,TR,SINYALIZASYON,karatassinyalizasyon@gmail.com,2026-10-01,HAYIR,CEVAP YOK,win1 takip tablosu/raporu (07.10)
Karsel Trafik,Taşeron / montaj firması (anahtar teslim),trafik sinyalizasyon,TR,SINYALIZASYON,info@karseltrafik.com,2026-10-01,HAYIR,CEVAP YOK,
Mare Elektronik,Belirsiz,elektronik,TR,SINYALIZASYON,info@mareelektronik.com.tr,2026-10-01,HAYIR,CEVAP YOK,
Medel Elektronik,Üretici (yerli),LED ekran / yolcu bilgilendirme,TR,SINYALIZASYON,info@medelelektronik.com,2026-10-01,HAYIR,CEVAP YOK,
MERMEC Türkiye,Uluslararası üretici / sistem sağlayıcı,sinyalizasyon / demiryolu ölçüm,IT,SINYALIZASYON,mermecturkey@mermecgroup.com,2026-09-30,HAYIR,CEVAP YOK,
Mosaş,Üretici (yerli),trafik sinyalizasyon / akıllı ulaşım,TR,SINYALIZASYON,f.yalcinli@mosas.com.tr; mosas@mosas.com.tr,2026-09-30,HAYIR,CEVAP YOK,
Mukan Rail / Contirail,Sistem entegratörü,raylı sistem AVLS / araç takip,TR,SINYALIZASYON; KATENER,mukan@mukan.com,2026-10-01,HAYIR,TEKLİF GELDİ,"02.10 E. Tuncer 11 teknik soru sordu (YBS kapsamı, belediye AVLS/API, 15 araç, lup arayüzü, sürücü/sefer no, 3 sn/10 sn güncelleme, SIM, dolap/UPS/switch, 2 sunucu+NAS, ticari koşu | Yanıt/teklif e.tuncer@contirail.com ve berfin.akkus@mukan.com"
Ortana,Üretici (yerli),bariyer/turnike & trafik sistemleri,TR,SINYALIZASYON,info@ortana.com; umut.aydin@ortana.com,2026-09-30,HAYIR,CEVAP YOK,
Oruçoğlu Sistem (ORSİS),Sistem entegratörü,trafik sinyalizasyon,TR,SINYALIZASYON,orsis@orucogluholding.com.tr,2026-10-01,HAYIR,CEVAP YOK,
Pintsch,Uluslararası üretici / sistem sağlayıcı,sinyalizasyon / makas ısıtma,DE,SINYALIZASYON,almir.basini@pintsch.net; sales@pintsch.net,2026-10-01,HAYIR,CEVAP YOK,
Polo Trafik,Taşeron / montaj firması (anahtar teslim),trafik sinyalizasyon,TR,SINYALIZASYON,info@polotrafik.com,2026-10-01,HAYIR,CEVAP YOK,
Rayelsis,Sistem entegratörü,raylı sistem elektrik / sinyal,TR,SINYALIZASYON; KATENER,info@rayelsis.com,2026-10-01,HAYIR,CEVAP YOK,
Revenga,Uluslararası üretici / sistem sağlayıcı,sinyalizasyon,ES,SINYALIZASYON,info@revenga.com; infoturkiye@revenga.com; rail&terminals@revenga.com,2026-09-30,HAYIR,ULAŞMADI,Bounce: info@revenga.com (engellendi); infoturkiye@revenga.com (adres yok); rail&terminals@revenga.com (engellendi)
Savronik,Sistem entegratörü,sinyalizasyon / elektronik sistemler,TR,SINYALIZASYON,savronik@savronik.com.tr,2026-09-30,EVET,VERMİYOR,Teklif süresinin kısıtlı olması nedeniyle teklif vermeyecek. Serhat 02.10 bütçesel fiyat istedi; yanıt yok
Siemens Mobility,Uluslararası üretici / sistem sağlayıcı,sinyalizasyon / raylı sistemler,DE,SINYALIZASYON,info.mobility.tr@siemens.com,2026-09-30,EVET,CEVAP YOK,
Sinyalizasyon A.Ş. (İlhami Kıvrak),Taşeron / montaj firması (anahtar teslim),trafik sinyalizasyon,TR,SINYALIZASYON,ilhami.kivrak@sinyalizasyon.com.tr; info@sinyalizasyon.com.tr,2026-10-01,HAYIR,CEVAP YOK,
Swarco,Uluslararası üretici / sistem sağlayıcı,trafik sinyalizasyon,AT,SINYALIZASYON,serdal.kizilcik@swarco.com,2026-10-01,HAYIR,ULAŞMADI,Bounce: serdal.kizilcik@swarco.com (engellendi)
Tandem Trafik,Taşeron / montaj firması (anahtar teslim),trafik sinyalizasyon,TR,SINYALIZASYON,info@tandemtrafik.com.tr; ytanal@tandemtrafik.com.tr,2026-10-01,HAYIR,CEVAP YOK,
Tankes,Belirsiz,(sinyalizasyon listesinde),TR,SINYALIZASYON,tankes@tankes.com.tr,2026-10-01,HAYIR,CEVAP YOK,
TPZ Yapı,Taşeron / montaj firması (anahtar teslim),(sinyalizasyon listesinde),TR,SINYALIZASYON,info@tpzyapi.com,2026-10-01,HAYIR,CEVAP YOK,
Ultra Teknoloji,Sistem entegratörü,raylı sistem elektronik,TR,SINYALIZASYON; KATENER,info@ultrateknoloji.com.tr,2026-10-01,HAYIR,CEVAP YOK,
VADEMSAŞ (voestalpine),Uluslararası üretici / sistem sağlayıcı,demiryolu makas sistemleri,AT,SINYALIZASYON,info.vademsas@voestalpine.com,2026-09-30,HAYIR,CEVAP YOK,
Vural Sinyalizasyon,Taşeron / montaj firması (anahtar teslim),trafik sinyalizasyon,TR,SINYALIZASYON,info@vuralsinyalizasyon.com,2026-09-30,HAYIR,ULAŞMADI,Bounce: info@vuralsinyalizasyon.com (teslim edilemedi (3 gün deneme))
Vytek,Sistem entegratörü,elektronik / ulaşım sistemleri,TR,SINYALIZASYON,info@vytek.com.tr,2026-09-30,EVET,CEVAP YOK,
YTC Enerji,Taşeron / montaj firması (anahtar teslim),enerji / katener montaj,TR,SINYALIZASYON; KATENER,info@ytcenerji.com,2026-09-30,HAYIR,CEVAP YOK,
Yunex Traffic,Uluslararası üretici / sistem sağlayıcı,trafik / akıllı ulaşım,DE,SINYALIZASYON,kemal.soylu@yunextraffic.com,2026-09-30,HAYIR,CEVAP YOK,
Point Link (CASCO sistemleri),Uluslararası üretici / sistem sağlayıcı,raylı sistem sinyalizasyonu (CASCO),CN,SINYALIZASYON,trevor@pointlink.cn,,,TEKLİF GELDİ,Doğrudan RFQ gönderilmedi; talebimiz üçüncü kişi tarafından iletilmiş (Fwd). 01.10 teklif 7.281.784 EUR (PDF win1 arşivinde; mail Gmail'de yok)
